Tracked Team,Tracked Team Rating,Date,Opponent,Tracked Team Score,Opponent Score,Result,Tournament
Spain,2157,2024-09-05,Serbia,0,0,Spain 0 - 0 Serbia,European Nations League A
Spain,2157,2024-09-08,Switzerland,4,1,Spain 4 - 1 Switzerland,European Nations League A
Spain,2157,2024-10-12,Denmark,1,0,Spain 1 - 0 Denmark,European Nations League A
Spain,2157,2024-10-15,Serbia,3,0,Spain 3 - 0 Serbia,European Nations League A
Spain,2157,2024-11-15,Denmark,2,1,Spain 2 - 1 Denmark,European Nations League A
Spain,2157,2024-11-18,Switzerland,3,2,Spain 3 - 2 Switzerland,European Nations League A
Spain,2157,2025-03-20,Netherlands,2,2,Spain 2 - 2 Netherlands,European Nations League
Spain,2157,2025-03-23,Netherlands,3,3,Spain 3 - 3 Netherlands,European Nations League
Spain,2157,2025-06-05,France,5,4,Spain 5 - 4 France,European Nations League
Spain,2157,2025-06-08,Portugal,2,2,Spain 2 - 2 Portugal,European Nations League
Spain,2157,2025-09-04,Bulgaria,3,0,Spain 3 - 0 Bulgaria,World Cup qualifier
Spain,2157,2025-09-07,Turkey,6,0,Spain 6 - 0 Turkey,World Cup qualifier
Spain,2157,2025-10-11,Georgia,2,0,Spain 2 - 0 Georgia,World Cup qualifier
Spain,2157,2025-10-14,Bulgaria,4,0,Spain 4 - 0 Bulgaria,World Cup qualifier
Spain,2157,2025-11-15,Georgia,4,0,Spain 4 - 0 Georgia,World Cup qualifier
Spain,2157,2025-11-18,Turkey,2,2,Spain 2 - 2 Turkey,World Cup qualifier
Spain,2157,2026-03-27,Serbia,3,0,Spain 3 - 0 Serbia,Friendly
Spain,2157,2026-03-31,Egypt,0,0,Spain 0 - 0 Egypt,Friendly
Spain,2157,2026-06-04,Iraq,1,1,Spain 1 - 1 Iraq,Friendly
Spain,2157,2026-06-08,Peru,3,1,Spain 3 - 1 Peru,Friendly
Argentina,2115,2024-07-14,Colombia,1,0,Argentina 1 - 0 Colombia,Copa America
Argentina,2115,2024-09-05,Chile,3,0,Argentina 3 - 0 Chile,World Cup qualifier
Argentina,2115,2024-09-10,Colombia,1,2,Argentina 1 - 2 Colombia,World Cup qualifier
Argentina,2115,2024-10-10,Venezuela,1,1,Argentina 1 - 1 Venezuela,World Cup qualifier
Argentina,2115,2024-10-15,Bolivia,6,0,Argentina 6 - 0 Bolivia,World Cup qualifier
Argentina,2115,2024-11-14,Paraguay,1,2,Argentina 1 - 2 Paraguay,World Cup qualifier
Argentina,2115,2024-11-19,Peru,1,0,Argentina 1 - 0 Peru,World Cup qualifier
Argentina,2115,2025-03-21,Uruguay,1,0,Argentina 1 - 0 Uruguay,World Cup qualifier
Argentina,2115,2025-03-25,Brazil,4,1,Argentina 4 - 1 Brazil,World Cup qualifier
Argentina,2115,2025-06-05,Chile,1,0,Argentina 1 - 0 Chile,World Cup qualifier
Argentina,2115,2025-06-10,Colombia,1,1,Argentina 1 - 1 Colombia,World Cup qualifier
Argentina,2115,2025-09-04,Venezuela,3,0,Argentina 3 - 0 Venezuela,World Cup qualifier
Argentina,2115,2025-09-09,Ecuador,0,1,Argentina 0 - 1 Ecuador,World Cup qualifier
Argentina,2115,2025-10-10,Venezuela,1,0,Argentina 1 - 0 Venezuela,Friendly
Argentina,2115,2025-10-14,Puerto Rico,6,0,Argentina 6 - 0 Puerto Rico,Friendly
Argentina,2115,2025-11-14,Angola,2,0,Argentina 2 - 0 Angola,Friendly
Argentina,2115,2026-03-27,Mauritania,2,1,Argentina 2 - 1 Mauritania,Friendly
Argentina,2115,2026-03-31,Zambia,5,0,Argentina 5 - 0 Zambia,Friendly
Argentina,2115,2026-06-06,Honduras,2,0,Argentina 2 - 0 Honduras,Friendly
Argentina,2115,2026-06-09,Iceland,3,0,Argentina 3 - 0 Iceland,Friendly
France,2063,2024-09-06,Italy,1,3,France 1 - 3 Italy,European Nations League A
France,2063,2024-09-09,Belgium,2,0,France 2 - 0 Belgium,European Nations League A
France,2063,2024-10-10,Israel,4,1,France 4 - 1 Israel,European Nations League A
France,2063,2024-10-14,Belgium,2,1,France 2 - 1 Belgium,European Nations League A
France,2063,2024-11-14,Israel,0,0,France 0 - 0 Israel,European Nations League A
France,2063,2024-11-17,Italy,3,1,France 3 - 1 Italy,European Nations League A
France,2063,2025-03-20,Croatia,0,2,France 0 - 2 Croatia,European Nations League
France,2063,2025-03-23,Croatia,2,0,France 2 - 0 Croatia,European Nations League
France,2063,2025-06-05,Spain,4,5,France 4 - 5 Spain,European Nations League
France,2063,2025-06-08,Germany,2,0,France 2 - 0 Germany,European Nations League
France,2063,2025-09-05,Ukraine,2,0,France 2 - 0 Ukraine,World Cup qualifier
France,2063,2025-09-09,Iceland,2,1,France 2 - 1 Iceland,World Cup qualifier
France,2063,2025-10-10,Azerbaijan,3,0,France 3 - 0 Azerbaijan,World Cup qualifier
France,2063,2025-10-13,Iceland,2,2,France 2 - 2 Iceland,World Cup qualifier
France,2063,2025-11-13,Ukraine,4,0,France 4 - 0 Ukraine,World Cup qualifier
France,2063,2025-11-16,Azerbaijan,3,1,France 3 - 1 Azerbaijan,World Cup qualifier
France,2063,2026-03-26,Brazil,2,1,France 2 - 1 Brazil,Friendly
France,2063,2026-03-29,Colombia,3,1,France 3 - 1 Colombia,Friendly
France,2063,2026-06-04,Ivory Coast,1,2,France 1 - 2 Ivory Coast,Friendly
France,2063,2026-06-08,Northern Ireland,3,1,France 3 - 1 Northern Ireland,Friendly
England,2024,2024-09-07,Ireland,2,0,England 2 - 0 Ireland,European Nations League B
England,2024,2024-09-10,Finland,2,0,England 2 - 0 Finland,European Nations League B
England,2024,2024-10-10,Greece,1,2,England 1 - 2 Greece,European Nations League B
England,2024,2024-10-13,Finland,3,1,England 3 - 1 Finland,European Nations League B
England,2024,2024-11-14,Greece,3,0,England 3 - 0 Greece,European Nations League B
England,2024,2024-11-17,Ireland,5,0,England 5 - 0 Ireland,European Nations League B
England,2024,2025-03-21,Albania,2,0,England 2 - 0 Albania,World Cup qualifier
England,2024,2025-03-24,Latvia,3,0,England 3 - 0 Latvia,World Cup qualifier
England,2024,2025-06-07,Andorra,1,0,England 1 - 0 Andorra,World Cup qualifier
England,2024,2025-06-10,Senegal,1,3,England 1 - 3 Senegal,Friendly
England,2024,2025-09-06,Andorra,2,0,England 2 - 0 Andorra,World Cup qualifier
England,2024,2025-09-09,Serbia,5,0,England 5 - 0 Serbia,World Cup qualifier
England,2024,2025-10-09,Wales,3,0,England 3 - 0 Wales,Friendly
England,2024,2025-10-14,Latvia,5,0,England 5 - 0 Latvia,World Cup qualifier
England,2024,2025-11-13,Serbia,2,0,England 2 - 0 Serbia,World Cup qualifier
England,2024,2025-11-16,Albania,2,0,England 2 - 0 Albania,World Cup qualifier
England,2024,2026-03-27,Uruguay,1,1,England 1 - 1 Uruguay,Friendly
England,2024,2026-03-31,Japan,0,1,England 0 - 1 Japan,Friendly
England,2024,2026-06-06,New Zealand,1,0,England 1 - 0 New Zealand,Friendly
England,2024,2026-06-10,Costa Rica,3,0,England 3 - 0 Costa Rica,Friendly
Brazil,1991,2024-09-06,Ecuador,1,0,Brazil 1 - 0 Ecuador,World Cup qualifier
Brazil,1991,2024-09-10,Paraguay,0,1,Brazil 0 - 1 Paraguay,World Cup qualifier
Brazil,1991,2024-10-10,Chile,2,1,Brazil 2 - 1 Chile,World Cup qualifier
Brazil,1991,2024-10-15,Peru,4,0,Brazil 4 - 0 Peru,World Cup qualifier
Brazil,1991,2024-11-14,Venezuela,1,1,Brazil 1 - 1 Venezuela,World Cup qualifier
Brazil,1991,2024-11-19,Uruguay,1,1,Brazil 1 - 1 Uruguay,World Cup qualifier
Brazil,1991,2025-03-20,Colombia,2,1,Brazil 2 - 1 Colombia,World Cup qualifier
Brazil,1991,2025-03-25,Argentina,1,4,Brazil 1 - 4 Argentina,World Cup qualifier
Brazil,1991,2025-06-05,Ecuador,0,0,Brazil 0 - 0 Ecuador,World Cup qualifier
Brazil,1991,2025-06-10,Paraguay,1,0,Brazil 1 - 0 Paraguay,World Cup qualifier
Brazil,1991,2025-09-04,Chile,3,0,Brazil 3 - 0 Chile,World Cup qualifier
Brazil,1991,2025-09-09,Bolivia,0,1,Brazil 0 - 1 Bolivia,World Cup qualifier
Brazil,1991,2025-10-10,South Korea,5,0,Brazil 5 - 0 South Korea,Friendly
Brazil,1991,2025-10-14,Japan,2,3,Brazil 2 - 3 Japan,Friendly
Brazil,1991,2025-11-15,Senegal,2,0,Brazil 2 - 0 Senegal,Friendly
Brazil,1991,2025-11-18,Tunisia,1,1,Brazil 1 - 1 Tunisia,Friendly
Brazil,1991,2026-03-26,France,1,2,Brazil 1 - 2 France,Friendly
Brazil,1991,2026-03-31,Croatia,3,1,Brazil 3 - 1 Croatia,Friendly
Brazil,1991,2026-05-31,Panama,6,2,Brazil 6 - 2 Panama,Friendly
Brazil,1991,2026-06-06,Egypt,2,1,Brazil 2 - 1 Egypt,Friendly
Portugal,1989,2024-09-05,Croatia,2,1,Portugal 2 - 1 Croatia,European Nations League A
Portugal,1989,2024-09-08,Scotland,2,1,Portugal 2 - 1 Scotland,European Nations League A
Portugal,1989,2024-10-12,Poland,3,1,Portugal 3 - 1 Poland,European Nations League A
Portugal,1989,2024-10-15,Scotland,0,0,Portugal 0 - 0 Scotland,European Nations League A
Portugal,1989,2024-11-15,Poland,5,1,Portugal 5 - 1 Poland,European Nations League A
Portugal,1989,2024-11-18,Croatia,1,1,Portugal 1 - 1 Croatia,European Nations League A
Portugal,1989,2025-03-20,Denmark,0,1,Portugal 0 - 1 Denmark,European Nations League
Portugal,1989,2025-03-23,Denmark,5,2,Portugal 5 - 2 Denmark,European Nations League
Portugal,1989,2025-06-04,Germany,2,1,Portugal 2 - 1 Germany,European Nations League
Portugal,1989,2025-06-08,Spain,2,2,Portugal 2 - 2 Spain,European Nations League
Portugal,1989,2025-09-06,Armenia,5,0,Portugal 5 - 0 Armenia,World Cup qualifier
Portugal,1989,2025-09-09,Hungary,3,2,Portugal 3 - 2 Hungary,World Cup qualifier
Portugal,1989,2025-10-11,Ireland,1,0,Portugal 1 - 0 Ireland,World Cup qualifier
Portugal,1989,2025-10-14,Hungary,2,2,Portugal 2 - 2 Hungary,World Cup qualifier
Portugal,1989,2025-11-13,Ireland,0,2,Portugal 0 - 2 Ireland,World Cup qualifier
Portugal,1989,2025-11-16,Armenia,9,1,Portugal 9 - 1 Armenia,World Cup qualifier
Portugal,1989,2026-03-28,Mexico,0,0,Portugal 0 - 0 Mexico,Friendly
Portugal,1989,2026-03-31,United States,2,0,Portugal 2 - 0 United States,Friendly
Portugal,1989,2026-06-06,Chile,2,1,Portugal 2 - 1 Chile,Friendly
Portugal,1989,2026-06-10,Nigeria,2,1,Portugal 2 - 1 Nigeria,Friendly
Colombia,1982,2024-09-06,Peru,1,1,Colombia 1 - 1 Peru,World Cup qualifier
Colombia,1982,2024-09-10,Argentina,2,1,Colombia 2 - 1 Argentina,World Cup qualifier
Colombia,1982,2024-10-10,Bolivia,0,1,Colombia 0 - 1 Bolivia,World Cup qualifier
Colombia,1982,2024-10-15,Chile,4,0,Colombia 4 - 0 Chile,World Cup qualifier
Colombia,1982,2024-11-15,Uruguay,2,3,Colombia 2 - 3 Uruguay,World Cup qualifier
Colombia,1982,2024-11-19,Ecuador,0,1,Colombia 0 - 1 Ecuador,World Cup qualifier
Colombia,1982,2025-03-20,Brazil,1,2,Colombia 1 - 2 Brazil,World Cup qualifier
Colombia,1982,2025-03-25,Paraguay,2,2,Colombia 2 - 2 Paraguay,World Cup qualifier
Colombia,1982,2025-06-06,Peru,0,0,Colombia 0 - 0 Peru,World Cup qualifier
Colombia,1982,2025-06-10,Argentina,1,1,Colombia 1 - 1 Argentina,World Cup qualifier
Colombia,1982,2025-09-04,Bolivia,3,0,Colombia 3 - 0 Bolivia,World Cup qualifier
Colombia,1982,2025-09-09,Venezuela,6,3,Colombia 6 - 3 Venezuela,World Cup qualifier
Colombia,1982,2025-10-11,Mexico,4,0,Colombia 4 - 0 Mexico,Friendly
Colombia,1982,2025-10-14,Canada,0,0,Colombia 0 - 0 Canada,Friendly
Colombia,1982,2025-11-15,New Zealand,2,1,Colombia 2 - 1 New Zealand,Friendly
Colombia,1982,2025-11-18,Australia,3,0,Colombia 3 - 0 Australia,Friendly
Colombia,1982,2026-03-26,Croatia,1,2,Colombia 1 - 2 Croatia,Friendly
Colombia,1982,2026-03-29,France,1,3,Colombia 1 - 3 France,Friendly
Colombia,1982,2026-06-01,Costa Rica,3,1,Colombia 3 - 1 Costa Rica,Friendly
Colombia,1982,2026-06-07,Jordan,2,0,Colombia 2 - 0 Jordan,Friendly
Netherlands,1948,2024-09-07,Bosnia and Herzegovina,5,2,Netherlands 5 - 2 Bosnia and Herzegovina,European Nations League A
Netherlands,1948,2024-09-10,Germany,2,2,Netherlands 2 - 2 Germany,European Nations League A
Netherlands,1948,2024-10-11,Hungary,1,1,Netherlands 1 - 1 Hungary,European Nations League A
Netherlands,1948,2024-10-14,Germany,0,1,Netherlands 0 - 1 Germany,European Nations League A
Netherlands,1948,2024-11-16,Hungary,4,0,Netherlands 4 - 0 Hungary,European Nations League A
Netherlands,1948,2024-11-19,Bosnia and Herzegovina,1,1,Netherlands 1 - 1 Bosnia and Herzegovina,European Nations League A
Netherlands,1948,2025-03-20,Spain,2,2,Netherlands 2 - 2 Spain,European Nations League
Netherlands,1948,2025-03-23,Spain,3,3,Netherlands 3 - 3 Spain,European Nations League
Netherlands,1948,2025-06-07,Finland,2,0,Netherlands 2 - 0 Finland,World Cup qualifier
Netherlands,1948,2025-06-10,Malta,8,0,Netherlands 8 - 0 Malta,World Cup qualifier
Netherlands,1948,2025-09-04,Poland,1,1,Netherlands 1 - 1 Poland,World Cup qualifier
Netherlands,1948,2025-09-07,Lithuania,3,2,Netherlands 3 - 2 Lithuania,World Cup qualifier
Netherlands,1948,2025-10-09,Malta,4,0,Netherlands 4 - 0 Malta,World Cup qualifier
Netherlands,1948,2025-10-12,Finland,4,0,Netherlands 4 - 0 Finland,World Cup qualifier
Netherlands,1948,2025-11-14,Poland,1,1,Netherlands 1 - 1 Poland,World Cup qualifier
Netherlands,1948,2025-11-17,Lithuania,4,0,Netherlands 4 - 0 Lithuania,World Cup qualifier
Netherlands,1948,2026-03-27,Norway,2,1,Netherlands 2 - 1 Norway,Friendly
Netherlands,1948,2026-03-31,Ecuador,1,1,Netherlands 1 - 1 Ecuador,Friendly
Netherlands,1948,2026-06-03,Algeria,0,1,Netherlands 0 - 1 Algeria,Friendly
Netherlands,1948,2026-06-08,Uzbekistan,2,1,Netherlands 2 - 1 Uzbekistan,Friendly
Ecuador,1938,2024-09-06,Brazil,0,1,Ecuador 0 - 1 Brazil,World Cup qualifier
Ecuador,1938,2024-09-10,Peru,1,0,Ecuador 1 - 0 Peru,World Cup qualifier
Ecuador,1938,2024-10-10,Paraguay,0,0,Ecuador 0 - 0 Paraguay,World Cup qualifier
Ecuador,1938,2024-10-15,Uruguay,0,0,Ecuador 0 - 0 Uruguay,World Cup qualifier
Ecuador,1938,2024-11-14,Bolivia,4,0,Ecuador 4 - 0 Bolivia,World Cup qualifier
Ecuador,1938,2024-11-19,Colombia,1,0,Ecuador 1 - 0 Colombia,World Cup qualifier
Ecuador,1938,2025-03-21,Venezuela,2,1,Ecuador 2 - 1 Venezuela,World Cup qualifier
Ecuador,1938,2025-03-25,Chile,0,0,Ecuador 0 - 0 Chile,World Cup qualifier
Ecuador,1938,2025-06-05,Brazil,0,0,Ecuador 0 - 0 Brazil,World Cup qualifier
Ecuador,1938,2025-06-10,Peru,0,0,Ecuador 0 - 0 Peru,World Cup qualifier
Ecuador,1938,2025-09-04,Paraguay,0,0,Ecuador 0 - 0 Paraguay,World Cup qualifier
Ecuador,1938,2025-09-09,Argentina,1,0,Ecuador 1 - 0 Argentina,World Cup qualifier
Ecuador,1938,2025-10-10,United States,1,1,Ecuador 1 - 1 United States,Friendly
Ecuador,1938,2025-10-14,Mexico,1,1,Ecuador 1 - 1 Mexico,Friendly
Ecuador,1938,2025-11-13,Canada,0,0,Ecuador 0 - 0 Canada,Friendly
Ecuador,1938,2025-11-18,New Zealand,2,0,Ecuador 2 - 0 New Zealand,Friendly
Ecuador,1938,2026-03-27,Morocco,1,1,Ecuador 1 - 1 Morocco,Friendly
Ecuador,1938,2026-03-31,Netherlands,1,1,Ecuador 1 - 1 Netherlands,Friendly
Ecuador,1938,2026-05-30,Saudi Arabia,2,1,Ecuador 2 - 1 Saudi Arabia,Friendly
Ecuador,1938,2026-06-07,Guatemala,3,0,Ecuador 3 - 0 Guatemala,Friendly
Germany,1932,2024-09-07,Hungary,5,0,Germany 5 - 0 Hungary,European Nations League A
Germany,1932,2024-09-10,Netherlands,2,2,Germany 2 - 2 Netherlands,European Nations League A
Germany,1932,2024-10-11,Bosnia and Herzegovina,2,1,Germany 2 - 1 Bosnia and Herzegovina,European Nations League A
Germany,1932,2024-10-14,Netherlands,1,0,Germany 1 - 0 Netherlands,European Nations League A
Germany,1932,2024-11-16,Bosnia and Herzegovina,7,0,Germany 7 - 0 Bosnia and Herzegovina,European Nations League A
Germany,1932,2024-11-19,Hungary,1,1,Germany 1 - 1 Hungary,European Nations League A
Germany,1932,2025-03-20,Italy,2,1,Germany 2 - 1 Italy,European Nations League
Germany,1932,2025-03-23,Italy,3,3,Germany 3 - 3 Italy,European Nations League
Germany,1932,2025-06-04,Portugal,1,2,Germany 1 - 2 Portugal,European Nations League
Germany,1932,2025-06-08,France,0,2,Germany 0 - 2 France,European Nations League
Germany,1932,2025-09-04,Slovakia,0,2,Germany 0 - 2 Slovakia,World Cup qualifier
Germany,1932,2025-09-07,Northern Ireland,3,1,Germany 3 - 1 Northern Ireland,World Cup qualifier
Germany,1932,2025-10-10,Luxembourg,4,0,Germany 4 - 0 Luxembourg,World Cup qualifier
Germany,1932,2025-10-13,Northern Ireland,1,0,Germany 1 - 0 Northern Ireland,World Cup qualifier
Germany,1932,2025-11-14,Luxembourg,2,0,Germany 2 - 0 Luxembourg,World Cup qualifier
Germany,1932,2025-11-17,Slovakia,6,0,Germany 6 - 0 Slovakia,World Cup qualifier
Germany,1932,2026-03-27,Switzerland,4,3,Germany 4 - 3 Switzerland,Friendly
Germany,1932,2026-03-30,Ghana,2,1,Germany 2 - 1 Ghana,Friendly
Germany,1932,2026-05-31,Finland,4,0,Germany 4 - 0 Finland,Friendly
Germany,1932,2026-06-06,United States,2,1,Germany 2 - 1 United States,Friendly
Norway,1914,2024-09-06,Kazakhstan,0,0,Norway 0 - 0 Kazakhstan,European Nations League B
Norway,1914,2024-09-09,Austria,2,1,Norway 2 - 1 Austria,European Nations League B
Norway,1914,2024-10-10,Slovenia,3,0,Norway 3 - 0 Slovenia,European Nations League B
Norway,1914,2024-10-13,Austria,1,5,Norway 1 - 5 Austria,European Nations League B
Norway,1914,2024-11-14,Slovenia,4,1,Norway 4 - 1 Slovenia,European Nations League B
Norway,1914,2024-11-17,Kazakhstan,5,0,Norway 5 - 0 Kazakhstan,European Nations League B
Norway,1914,2025-03-22,Moldova,5,0,Norway 5 - 0 Moldova,World Cup qualifier
Norway,1914,2025-03-25,Israel,4,2,Norway 4 - 2 Israel,World Cup qualifier
Norway,1914,2025-06-06,Italy,3,0,Norway 3 - 0 Italy,World Cup qualifier
Norway,1914,2025-06-09,Estonia,1,0,Norway 1 - 0 Estonia,World Cup qualifier
Norway,1914,2025-09-04,Finland,1,0,Norway 1 - 0 Finland,Friendly
Norway,1914,2025-09-09,Moldova,11,1,Norway 11 - 1 Moldova,World Cup qualifier
Norway,1914,2025-10-11,Israel,5,0,Norway 5 - 0 Israel,World Cup qualifier
Norway,1914,2025-10-14,New Zealand,1,1,Norway 1 - 1 New Zealand,Friendly
Norway,1914,2025-11-13,Estonia,4,1,Norway 4 - 1 Estonia,World Cup qualifier
Norway,1914,2025-11-16,Italy,4,1,Norway 4 - 1 Italy,World Cup qualifier
Norway,1914,2026-03-27,Netherlands,1,2,Norway 1 - 2 Netherlands,Friendly
Norway,1914,2026-03-31,Switzerland,0,0,Norway 0 - 0 Switzerland,Friendly
Norway,1914,2026-06-01,Sweden,3,1,Norway 3 - 1 Sweden,Friendly
Norway,1914,2026-06-07,Morocco,1,1,Norway 1 - 1 Morocco,Friendly
Croatia,1912,2024-09-05,Portugal,1,2,Croatia 1 - 2 Portugal,European Nations League A
Croatia,1912,2024-09-08,Poland,1,0,Croatia 1 - 0 Poland,European Nations League A
Croatia,1912,2024-10-12,Scotland,2,1,Croatia 2 - 1 Scotland,European Nations League A
Croatia,1912,2024-10-15,Poland,3,3,Croatia 3 - 3 Poland,European Nations League A
Croatia,1912,2024-11-15,Scotland,0,1,Croatia 0 - 1 Scotland,European Nations League A
Croatia,1912,2024-11-18,Portugal,1,1,Croatia 1 - 1 Portugal,European Nations League A
Croatia,1912,2025-03-20,France,2,0,Croatia 2 - 0 France,European Nations League
Croatia,1912,2025-03-23,France,0,2,Croatia 0 - 2 France,European Nations League
Croatia,1912,2025-06-06,Gibraltar,7,0,Croatia 7 - 0 Gibraltar,World Cup qualifier
Croatia,1912,2025-06-09,Czechia,5,1,Croatia 5 - 1 Czechia,World Cup qualifier
Croatia,1912,2025-09-05,Faroe Islands,1,0,Croatia 1 - 0 Faroe Islands,World Cup qualifier
Croatia,1912,2025-09-08,Montenegro,4,0,Croatia 4 - 0 Montenegro,World Cup qualifier
Croatia,1912,2025-10-09,Czechia,0,0,Croatia 0 - 0 Czechia,World Cup qualifier
Croatia,1912,2025-10-12,Gibraltar,3,0,Croatia 3 - 0 Gibraltar,World Cup qualifier
Croatia,1912,2025-11-14,Faroe Islands,3,1,Croatia 3 - 1 Faroe Islands,World Cup qualifier
Croatia,1912,2025-11-17,Montenegro,3,2,Croatia 3 - 2 Montenegro,World Cup qualifier
Croatia,1912,2026-03-26,Colombia,2,1,Croatia 2 - 1 Colombia,Friendly
Croatia,1912,2026-03-31,Brazil,1,3,Croatia 1 - 3 Brazil,Friendly
Croatia,1912,2026-06-02,Belgium,0,2,Croatia 0 - 2 Belgium,Friendly
Croatia,1912,2026-06-07,Slovenia,2,1,Croatia 2 - 1 Slovenia,Friendly
Turkey,1911,2024-09-06,Wales,0,0,Turkey 0 - 0 Wales,European Nations League B
Turkey,1911,2024-09-09,Iceland,3,1,Turkey 3 - 1 Iceland,European Nations League B
Turkey,1911,2024-10-11,Montenegro,1,0,Turkey 1 - 0 Montenegro,European Nations League B
Turkey,1911,2024-10-14,Iceland,4,2,Turkey 4 - 2 Iceland,European Nations League B
Turkey,1911,2024-11-16,Wales,0,0,Turkey 0 - 0 Wales,European Nations League B
Turkey,1911,2024-11-19,Montenegro,1,3,Turkey 1 - 3 Montenegro,European Nations League B
Turkey,1911,2025-03-20,Hungary,3,1,Turkey 3 - 1 Hungary,European Nations League A/B Play-off
Turkey,1911,2025-03-23,Hungary,3,0,Turkey 3 - 0 Hungary,European Nations League A/B Play-off
Turkey,1911,2025-06-07,United States,2,1,Turkey 2 - 1 United States,Friendly
Turkey,1911,2025-06-10,Mexico,0,1,Turkey 0 - 1 Mexico,Friendly
Turkey,1911,2025-09-04,Georgia,3,2,Turkey 3 - 2 Georgia,World Cup qualifier
Turkey,1911,2025-09-07,Spain,0,6,Turkey 0 - 6 Spain,World Cup qualifier
Turkey,1911,2025-10-11,Bulgaria,6,1,Turkey 6 - 1 Bulgaria,World Cup qualifier
Turkey,1911,2025-10-14,Georgia,4,1,Turkey 4 - 1 Georgia,World Cup qualifier
Turkey,1911,2025-11-15,Bulgaria,2,0,Turkey 2 - 0 Bulgaria,World Cup qualifier
Turkey,1911,2025-11-18,Spain,2,2,Turkey 2 - 2 Spain,World Cup qualifier
Turkey,1911,2026-03-26,Romania,1,0,Turkey 1 - 0 Romania,World Cup qualifier
Turkey,1911,2026-03-31,Kosovo,1,0,Turkey 1 - 0 Kosovo,World Cup qualifier
Turkey,1911,2026-06-01,North Macedonia,4,0,Turkey 4 - 0 North Macedonia,Friendly
Turkey,1911,2026-06-06,Venezuela,2,1,Turkey 2 - 1 Venezuela,Friendly
Japan,1906,2024-10-10,Saudi Arabia,2,0,Japan 2 - 0 Saudi Arabia,World Cup qualifier
Japan,1906,2024-10-15,Australia,1,1,Japan 1 - 1 Australia,World Cup qualifier
Japan,1906,2024-11-15,Indonesia,4,0,Japan 4 - 0 Indonesia,World Cup qualifier
Japan,1906,2024-11-19,China,3,1,Japan 3 - 1 China,World Cup qualifier
Japan,1906,2025-03-20,Bahrain,2,0,Japan 2 - 0 Bahrain,World Cup qualifier
Japan,1906,2025-03-25,Saudi Arabia,0,0,Japan 0 - 0 Saudi Arabia,World Cup qualifier
Japan,1906,2025-06-05,Australia,0,1,Japan 0 - 1 Australia,World Cup qualifier
Japan,1906,2025-06-10,Indonesia,6,0,Japan 6 - 0 Indonesia,World Cup qualifier
Japan,1906,2025-07-08,Hong Kong,6,1,Japan 6 - 1 Hong Kong,East Asian Championship
Japan,1906,2025-07-12,China,2,0,Japan 2 - 0 China,East Asian Championship
Japan,1906,2025-07-15,South Korea,1,0,Japan 1 - 0 South Korea,East Asian Championship
Japan,1906,2025-09-06,Mexico,0,0,Japan 0 - 0 Mexico,Friendly
Japan,1906,2025-09-09,United States,0,2,Japan 0 - 2 United States,Friendly
Japan,1906,2025-10-10,Paraguay,2,2,Japan 2 - 2 Paraguay,Friendly
Japan,1906,2025-10-14,Brazil,3,2,Japan 3 - 2 Brazil,Friendly
Japan,1906,2025-11-14,Ghana,2,0,Japan 2 - 0 Ghana,Friendly
Japan,1906,2025-11-18,Bolivia,3,0,Japan 3 - 0 Bolivia,Friendly
Japan,1906,2026-03-28,Scotland,1,0,Japan 1 - 0 Scotland,Friendly
Japan,1906,2026-03-31,England,1,0,Japan 1 - 0 England,Friendly
Japan,1906,2026-05-31,Iceland,1,0,Japan 1 - 0 Iceland,Friendly
Belgium,1894,2024-09-06,Israel,3,1,Belgium 3 - 1 Israel,European Nations League A
Belgium,1894,2024-09-09,France,0,2,Belgium 0 - 2 France,European Nations League A
Belgium,1894,2024-10-10,Italy,2,2,Belgium 2 - 2 Italy,European Nations League A
Belgium,1894,2024-10-14,France,1,2,Belgium 1 - 2 France,European Nations League A
Belgium,1894,2024-11-14,Italy,0,1,Belgium 0 - 1 Italy,European Nations League A
Belgium,1894,2024-11-17,Israel,0,1,Belgium 0 - 1 Israel,European Nations League A
Belgium,1894,2025-03-20,Ukraine,1,3,Belgium 1 - 3 Ukraine,European Nations League A/B Play-off
Belgium,1894,2025-03-23,Ukraine,3,0,Belgium 3 - 0 Ukraine,European Nations League A/B Play-off
Belgium,1894,2025-06-06,North Macedonia,1,1,Belgium 1 - 1 North Macedonia,World Cup qualifier
Belgium,1894,2025-06-09,Wales,4,3,Belgium 4 - 3 Wales,World Cup qualifier
Belgium,1894,2025-09-04,Liechtenstein,6,0,Belgium 6 - 0 Liechtenstein,World Cup qualifier
Belgium,1894,2025-09-07,Kazakhstan,6,0,Belgium 6 - 0 Kazakhstan,World Cup qualifier
Belgium,1894,2025-10-10,North Macedonia,0,0,Belgium 0 - 0 North Macedonia,World Cup qualifier
Belgium,1894,2025-10-13,Wales,4,2,Belgium 4 - 2 Wales,World Cup qualifier
Belgium,1894,2025-11-15,Kazakhstan,1,1,Belgium 1 - 1 Kazakhstan,World Cup qualifier
Belgium,1894,2025-11-18,Liechtenstein,7,0,Belgium 7 - 0 Liechtenstein,World Cup qualifier
Belgium,1894,2026-03-28,United States,5,2,Belgium 5 - 2 United States,Friendly
Belgium,1894,2026-03-31,Mexico,1,1,Belgium 1 - 1 Mexico,Friendly
Belgium,1894,2026-06-02,Croatia,2,0,Belgium 2 - 0 Croatia,Friendly
Belgium,1894,2026-06-06,Tunisia,5,0,Belgium 5 - 0 Tunisia,Friendly
Uruguay,1892,2024-07-13,Canada,2,2,Uruguay 2 - 2 Canada,Copa America
Uruguay,1892,2024-09-01,Guatemala,1,1,Uruguay 1 - 1 Guatemala,Friendly
Uruguay,1892,2024-09-06,Paraguay,0,0,Uruguay 0 - 0 Paraguay,World Cup qualifier
Uruguay,1892,2024-09-10,Venezuela,0,0,Uruguay 0 - 0 Venezuela,World Cup qualifier
Uruguay,1892,2024-10-11,Peru,0,1,Uruguay 0 - 1 Peru,World Cup qualifier
Uruguay,1892,2024-10-15,Ecuador,0,0,Uruguay 0 - 0 Ecuador,World Cup qualifier
Uruguay,1892,2024-11-15,Colombia,3,2,Uruguay 3 - 2 Colombia,World Cup qualifier
Uruguay,1892,2024-11-19,Brazil,1,1,Uruguay 1 - 1 Brazil,World Cup qualifier
Uruguay,1892,2025-03-21,Argentina,0,1,Uruguay 0 - 1 Argentina,World Cup qualifier
Uruguay,1892,2025-03-25,Bolivia,0,0,Uruguay 0 - 0 Bolivia,World Cup qualifier
Uruguay,1892,2025-06-05,Paraguay,0,2,Uruguay 0 - 2 Paraguay,World Cup qualifier
Uruguay,1892,2025-06-10,Venezuela,2,0,Uruguay 2 - 0 Venezuela,World Cup qualifier
Uruguay,1892,2025-09-04,Peru,3,0,Uruguay 3 - 0 Peru,World Cup qualifier
Uruguay,1892,2025-09-09,Chile,0,0,Uruguay 0 - 0 Chile,World Cup qualifier
Uruguay,1892,2025-10-10,Dominican Republic,1,0,Uruguay 1 - 0 Dominican Republic,Friendly
Uruguay,1892,2025-10-13,Uzbekistan,2,1,Uruguay 2 - 1 Uzbekistan,Friendly
Uruguay,1892,2025-11-15,Mexico,0,0,Uruguay 0 - 0 Mexico,Friendly
Uruguay,1892,2025-11-18,United States,1,5,Uruguay 1 - 5 United States,Friendly
Uruguay,1892,2026-03-27,England,1,1,Uruguay 1 - 1 England,Friendly
Uruguay,1892,2026-03-31,Algeria,0,0,Uruguay 0 - 0 Algeria,Friendly
Switzerland,1891,2024-09-05,Denmark,0,2,Switzerland 0 - 2 Denmark,European Nations League A
Switzerland,1891,2024-09-08,Spain,1,4,Switzerland 1 - 4 Spain,European Nations League A
Switzerland,1891,2024-10-12,Serbia,0,2,Switzerland 0 - 2 Serbia,European Nations League A
Switzerland,1891,2024-10-15,Denmark,2,2,Switzerland 2 - 2 Denmark,European Nations League A
Switzerland,1891,2024-11-15,Serbia,1,1,Switzerland 1 - 1 Serbia,European Nations League A
Switzerland,1891,2024-11-18,Spain,2,3,Switzerland 2 - 3 Spain,European Nations League A
Switzerland,1891,2025-03-21,Northern Ireland,1,1,Switzerland 1 - 1 Northern Ireland,Friendly
Switzerland,1891,2025-03-25,Luxembourg,3,1,Switzerland 3 - 1 Luxembourg,Friendly
Switzerland,1891,2025-06-07,Mexico,4,2,Switzerland 4 - 2 Mexico,Friendly
Switzerland,1891,2025-06-10,United States,4,0,Switzerland 4 - 0 United States,Friendly
Switzerland,1891,2025-09-05,Kosovo,4,0,Switzerland 4 - 0 Kosovo,World Cup qualifier
Switzerland,1891,2025-09-08,Slovenia,3,0,Switzerland 3 - 0 Slovenia,World Cup qualifier
Switzerland,1891,2025-10-10,Sweden,2,0,Switzerland 2 - 0 Sweden,World Cup qualifier
Switzerland,1891,2025-10-13,Slovenia,0,0,Switzerland 0 - 0 Slovenia,World Cup qualifier
Switzerland,1891,2025-11-15,Sweden,4,1,Switzerland 4 - 1 Sweden,World Cup qualifier
Switzerland,1891,2025-11-18,Kosovo,1,1,Switzerland 1 - 1 Kosovo,World Cup qualifier
Switzerland,1891,2026-03-27,Germany,3,4,Switzerland 3 - 4 Germany,Friendly
Switzerland,1891,2026-03-31,Norway,0,0,Switzerland 0 - 0 Norway,Friendly
Switzerland,1891,2026-05-31,Jordan,4,1,Switzerland 4 - 1 Jordan,Friendly
Switzerland,1891,2026-06-06,Australia,1,1,Switzerland 1 - 1 Australia,Friendly
Mexico,1881,2025-06-18,Suriname,2,0,Mexico 2 - 0 Suriname,CONCACAF Championship
Mexico,1881,2025-06-22,Costa Rica,0,0,Mexico 0 - 0 Costa Rica,CONCACAF Championship
Mexico,1881,2025-06-28,Saudi Arabia,2,0,Mexico 2 - 0 Saudi Arabia,CONCACAF Championship
Mexico,1881,2025-07-02,Honduras,1,0,Mexico 1 - 0 Honduras,CONCACAF Championship
Mexico,1881,2025-07-06,United States,2,1,Mexico 2 - 1 United States,CONCACAF Championship
Mexico,1881,2025-09-06,Japan,0,0,Mexico 0 - 0 Japan,Friendly
Mexico,1881,2025-09-09,South Korea,2,2,Mexico 2 - 2 South Korea,Friendly
Mexico,1881,2025-10-11,Colombia,0,4,Mexico 0 - 4 Colombia,Friendly
Mexico,1881,2025-10-14,Ecuador,1,1,Mexico 1 - 1 Ecuador,Friendly
Mexico,1881,2025-11-15,Uruguay,0,0,Mexico 0 - 0 Uruguay,Friendly
Mexico,1881,2025-11-18,Paraguay,1,2,Mexico 1 - 2 Paraguay,Friendly
Mexico,1881,2026-01-22,Panama,1,0,Mexico 1 - 0 Panama,Friendly
Mexico,1881,2026-01-25,Bolivia,1,0,Mexico 1 - 0 Bolivia,Friendly
Mexico,1881,2026-02-25,Iceland,4,0,Mexico 4 - 0 Iceland,Friendly
Mexico,1881,2026-03-28,Portugal,0,0,Mexico 0 - 0 Portugal,Friendly
Mexico,1881,2026-03-31,Belgium,1,1,Mexico 1 - 1 Belgium,Friendly
Mexico,1881,2026-05-22,Ghana,2,0,Mexico 2 - 0 Ghana,Friendly
Mexico,1881,2026-05-30,Australia,1,0,Mexico 1 - 0 Australia,Friendly
Mexico,1881,2026-06-04,Serbia,5,1,Mexico 5 - 1 Serbia,Friendly
Mexico,1881,2026-06-11,South Africa,2,0,Mexico 2 - 0 South Africa,World Cup
Denmark,1869,2024-09-05,Switzerland,2,0,Denmark 2 - 0 Switzerland,European Nations League A
Denmark,1869,2024-09-08,Serbia,2,0,Denmark 2 - 0 Serbia,European Nations League A
Denmark,1869,2024-10-12,Spain,0,1,Denmark 0 - 1 Spain,European Nations League A
Denmark,1869,2024-10-15,Switzerland,2,2,Denmark 2 - 2 Switzerland,European Nations League A
Denmark,1869,2024-11-15,Spain,1,2,Denmark 1 - 2 Spain,European Nations League A
Denmark,1869,2024-11-18,Serbia,0,0,Denmark 0 - 0 Serbia,European Nations League A
Denmark,1869,2025-03-20,Portugal,1,0,Denmark 1 - 0 Portugal,European Nations League
Denmark,1869,2025-03-23,Portugal,2,5,Denmark 2 - 5 Portugal,European Nations League
Denmark,1869,2025-06-07,Northern Ireland,2,1,Denmark 2 - 1 Northern Ireland,Friendly
Denmark,1869,2025-06-10,Lithuania,5,0,Denmark 5 - 0 Lithuania,Friendly
Denmark,1869,2025-09-05,Scotland,0,0,Denmark 0 - 0 Scotland,World Cup qualifier
Denmark,1869,2025-09-08,Greece,3,0,Denmark 3 - 0 Greece,World Cup qualifier
Denmark,1869,2025-10-09,Belarus,6,0,Denmark 6 - 0 Belarus,World Cup qualifier
Denmark,1869,2025-10-12,Greece,3,1,Denmark 3 - 1 Greece,World Cup qualifier
Denmark,1869,2025-11-15,Belarus,2,2,Denmark 2 - 2 Belarus,World Cup qualifier
Denmark,1869,2025-11-18,Scotland,2,4,Denmark 2 - 4 Scotland,World Cup qualifier
Denmark,1869,2026-03-26,North Macedonia,4,0,Denmark 4 - 0 North Macedonia,World Cup qualifier
Denmark,1869,2026-03-31,Czechia,2,2,Denmark 2 - 2 Czechia,World Cup qualifier
Denmark,1869,2026-06-03,DR Congo,0,0,Denmark 0 - 0 DR Congo,Friendly
Denmark,1869,2026-06-07,Ukraine,2,1,Denmark 2 - 1 Ukraine,Friendly
Italy,1869,2024-09-06,France,3,1,Italy 3 - 1 France,European Nations League A
Italy,1869,2024-09-09,Israel,2,1,Italy 2 - 1 Israel,European Nations League A
Italy,1869,2024-10-10,Belgium,2,2,Italy 2 - 2 Belgium,European Nations League A
Italy,1869,2024-10-14,Israel,4,1,Italy 4 - 1 Israel,European Nations League A
Italy,1869,2024-11-14,Belgium,1,0,Italy 1 - 0 Belgium,European Nations League A
Italy,1869,2024-11-17,France,1,3,Italy 1 - 3 France,European Nations League A
Italy,1869,2025-03-20,Germany,1,2,Italy 1 - 2 Germany,European Nations League
Italy,1869,2025-03-23,Germany,3,3,Italy 3 - 3 Germany,European Nations League
Italy,1869,2025-06-06,Norway,0,3,Italy 0 - 3 Norway,World Cup qualifier
Italy,1869,2025-06-09,Moldova,2,0,Italy 2 - 0 Moldova,World Cup qualifier
Italy,1869,2025-09-05,Estonia,5,0,Italy 5 - 0 Estonia,World Cup qualifier
Italy,1869,2025-09-08,Israel,5,4,Italy 5 - 4 Israel,World Cup qualifier
Italy,1869,2025-10-11,Estonia,3,1,Italy 3 - 1 Estonia,World Cup qualifier
Italy,1869,2025-10-14,Israel,3,0,Italy 3 - 0 Israel,World Cup qualifier
Italy,1869,2025-11-13,Moldova,2,0,Italy 2 - 0 Moldova,World Cup qualifier
Italy,1869,2025-11-16,Norway,1,4,Italy 1 - 4 Norway,World Cup qualifier
Italy,1869,2026-03-26,Northern Ireland,2,0,Italy 2 - 0 Northern Ireland,World Cup qualifier
Italy,1869,2026-03-31,Bosnia and Herzegovina,1,1,Italy 1 - 1 Bosnia and Herzegovina,World Cup qualifier
Italy,1869,2026-06-03,Luxembourg,1,0,Italy 1 - 0 Luxembourg,Friendly
Italy,1869,2026-06-07,Greece,1,0,Italy 1 - 0 Greece,Friendly
Senegal,1860,2025-03-25,Togo,2,0,Senegal 2 - 0 Togo,World Cup qualifier
Senegal,1860,2025-06-06,Ireland,1,1,Senegal 1 - 1 Ireland,Friendly
Senegal,1860,2025-06-10,England,3,1,Senegal 3 - 1 England,Friendly
Senegal,1860,2025-09-05,Sudan,2,0,Senegal 2 - 0 Sudan,World Cup qualifier
Senegal,1860,2025-09-09,DR Congo,3,2,Senegal 3 - 2 DR Congo,World Cup qualifier
Senegal,1860,2025-10-10,South Sudan,5,0,Senegal 5 - 0 South Sudan,World Cup qualifier
Senegal,1860,2025-10-14,Mauritania,4,0,Senegal 4 - 0 Mauritania,World Cup qualifier
Senegal,1860,2025-11-15,Brazil,0,2,Senegal 0 - 2 Brazil,Friendly
Senegal,1860,2025-11-18,Kenya,8,0,Senegal 8 - 0 Kenya,Friendly
Senegal,1860,2025-12-23,Botswana,3,0,Senegal 3 - 0 Botswana,African Nations Cup
Senegal,1860,2025-12-27,DR Congo,1,1,Senegal 1 - 1 DR Congo,African Nations Cup
Senegal,1860,2025-12-30,Benin,3,0,Senegal 3 - 0 Benin,African Nations Cup
Senegal,1860,2026-01-03,Sudan,3,1,Senegal 3 - 1 Sudan,African Nations Cup
Senegal,1860,2026-01-09,Mali,1,0,Senegal 1 - 0 Mali,African Nations Cup
Senegal,1860,2026-01-14,Egypt,1,0,Senegal 1 - 0 Egypt,African Nations Cup
Senegal,1860,2026-01-18,Morocco,1,0,Senegal 1 - 0 Morocco,African Nations Cup
Senegal,1860,2026-03-28,Peru,2,0,Senegal 2 - 0 Peru,Friendly
Senegal,1860,2026-03-31,Gambia,3,1,Senegal 3 - 1 Gambia,Friendly
Senegal,1860,2026-05-31,United States,2,3,Senegal 2 - 3 United States,Friendly
Senegal,1860,2026-06-09,Saudi Arabia,0,0,Senegal 0 - 0 Saudi Arabia,Friendly
Paraguay,1834,2024-07-02,Costa Rica,1,2,Paraguay 1 - 2 Costa Rica,Copa America
Paraguay,1834,2024-09-06,Uruguay,0,0,Paraguay 0 - 0 Uruguay,World Cup qualifier
Paraguay,1834,2024-09-10,Brazil,1,0,Paraguay 1 - 0 Brazil,World Cup qualifier
Paraguay,1834,2024-10-10,Ecuador,0,0,Paraguay 0 - 0 Ecuador,World Cup qualifier
Paraguay,1834,2024-10-15,Venezuela,2,1,Paraguay 2 - 1 Venezuela,World Cup qualifier
Paraguay,1834,2024-11-14,Argentina,2,1,Paraguay 2 - 1 Argentina,World Cup qualifier
Paraguay,1834,2024-11-19,Bolivia,2,2,Paraguay 2 - 2 Bolivia,World Cup qualifier
Paraguay,1834,2025-03-20,Chile,1,0,Paraguay 1 - 0 Chile,World Cup qualifier
Paraguay,1834,2025-03-25,Colombia,2,2,Paraguay 2 - 2 Colombia,World Cup qualifier
Paraguay,1834,2025-06-05,Uruguay,2,0,Paraguay 2 - 0 Uruguay,World Cup qualifier
Paraguay,1834,2025-06-10,Brazil,0,1,Paraguay 0 - 1 Brazil,World Cup qualifier
Paraguay,1834,2025-09-04,Ecuador,0,0,Paraguay 0 - 0 Ecuador,World Cup qualifier
Paraguay,1834,2025-09-09,Peru,1,0,Paraguay 1 - 0 Peru,World Cup qualifier
Paraguay,1834,2025-10-10,Japan,2,2,Paraguay 2 - 2 Japan,Friendly
Paraguay,1834,2025-10-14,South Korea,0,2,Paraguay 0 - 2 South Korea,Friendly
Paraguay,1834,2025-11-15,United States,1,2,Paraguay 1 - 2 United States,Friendly
Paraguay,1834,2025-11-18,Mexico,2,1,Paraguay 2 - 1 Mexico,Friendly
Paraguay,1834,2026-03-27,Greece,1,0,Paraguay 1 - 0 Greece,Friendly
Paraguay,1834,2026-03-31,Morocco,1,2,Paraguay 1 - 2 Morocco,Friendly
Paraguay,1834,2026-06-05,Nicaragua,4,0,Paraguay 4 - 0 Nicaragua,Friendly
Austria,1830,2024-07-02,Turkey,1,2,Austria 1 - 2 Turkey,European Championship
Austria,1830,2024-09-06,Slovenia,1,1,Austria 1 - 1 Slovenia,European Nations League B
Austria,1830,2024-09-09,Norway,1,2,Austria 1 - 2 Norway,European Nations League B
Austria,1830,2024-10-10,Kazakhstan,4,0,Austria 4 - 0 Kazakhstan,European Nations League B
Austria,1830,2024-10-13,Norway,5,1,Austria 5 - 1 Norway,European Nations League B
Austria,1830,2024-11-14,Kazakhstan,2,0,Austria 2 - 0 Kazakhstan,European Nations League B
Austria,1830,2024-11-17,Slovenia,1,1,Austria 1 - 1 Slovenia,European Nations League B
Austria,1830,2025-03-20,Serbia,1,1,Austria 1 - 1 Serbia,European Nations League A/B Play-off
Austria,1830,2025-03-23,Serbia,0,2,Austria 0 - 2 Serbia,European Nations League A/B Play-off
Austria,1830,2025-06-07,Romania,2,1,Austria 2 - 1 Romania,World Cup qualifier
Austria,1830,2025-06-10,San Marino,4,0,Austria 4 - 0 San Marino,World Cup qualifier
Austria,1830,2025-09-06,Cyprus,1,0,Austria 1 - 0 Cyprus,World Cup qualifier
Austria,1830,2025-09-09,Bosnia and Herzegovina,2,1,Austria 2 - 1 Bosnia and Herzegovina,World Cup qualifier
Austria,1830,2025-10-09,San Marino,10,0,Austria 10 - 0 San Marino,World Cup qualifier
Austria,1830,2025-10-12,Romania,0,1,Austria 0 - 1 Romania,World Cup qualifier
Austria,1830,2025-11-15,Cyprus,2,0,Austria 2 - 0 Cyprus,World Cup qualifier
Austria,1830,2025-11-18,Bosnia and Herzegovina,1,1,Austria 1 - 1 Bosnia and Herzegovina,World Cup qualifier
Austria,1830,2026-03-27,Ghana,5,1,Austria 5 - 1 Ghana,Friendly
Austria,1830,2026-03-31,South Korea,1,0,Austria 1 - 0 South Korea,Friendly
Austria,1830,2026-06-01,Tunisia,1,0,Austria 1 - 0 Tunisia,Friendly
Morocco,1827,2025-11-14,Mozambique,1,0,Morocco 1 - 0 Mozambique,Friendly
Morocco,1827,2025-11-18,Uganda,4,0,Morocco 4 - 0 Uganda,Friendly
Morocco,1827,2025-12-02,Comoros,3,1,Morocco 3 - 1 Comoros,Arab Cup
Morocco,1827,2025-12-05,Oman,0,0,Morocco 0 - 0 Oman,Arab Cup
Morocco,1827,2025-12-08,Saudi Arabia,1,0,Morocco 1 - 0 Saudi Arabia,Arab Cup
Morocco,1827,2025-12-11,Syria,1,0,Morocco 1 - 0 Syria,Arab Cup
Morocco,1827,2025-12-15,United Arab Emirates,3,0,Morocco 3 - 0 United Arab Emirates,Arab Cup
Morocco,1827,2025-12-18,Jordan,3,2,Morocco 3 - 2 Jordan,Arab Cup
Morocco,1827,2025-12-21,Comoros,2,0,Morocco 2 - 0 Comoros,African Nations Cup
Morocco,1827,2025-12-26,Mali,1,1,Morocco 1 - 1 Mali,African Nations Cup
Morocco,1827,2025-12-29,Zambia,3,0,Morocco 3 - 0 Zambia,African Nations Cup
Morocco,1827,2026-01-04,Tanzania,1,0,Morocco 1 - 0 Tanzania,African Nations Cup
Morocco,1827,2026-01-09,Cameroon,2,0,Morocco 2 - 0 Cameroon,African Nations Cup
Morocco,1827,2026-01-14,Nigeria,0,0,Morocco 0 - 0 Nigeria,African Nations Cup
Morocco,1827,2026-01-18,Senegal,0,1,Morocco 0 - 1 Senegal,African Nations Cup
Morocco,1827,2026-03-27,Ecuador,1,1,Morocco 1 - 1 Ecuador,Friendly
Morocco,1827,2026-03-31,Paraguay,2,1,Morocco 2 - 1 Paraguay,Friendly
Morocco,1827,2026-05-26,Burundi,5,0,Morocco 5 - 0 Burundi,Friendly
Morocco,1827,2026-06-02,Madagascar,4,0,Morocco 4 - 0 Madagascar,Friendly
Morocco,1827,2026-06-07,Norway,1,1,Morocco 1 - 1 Norway,Friendly
South Korea,1786,2024-11-14,Kuwait,3,1,South Korea 3 - 1 Kuwait,World Cup qualifier
South Korea,1786,2024-11-19,Palestine,1,1,South Korea 1 - 1 Palestine,World Cup qualifier
South Korea,1786,2025-03-20,Oman,1,1,South Korea 1 - 1 Oman,World Cup qualifier
South Korea,1786,2025-03-25,Jordan,1,1,South Korea 1 - 1 Jordan,World Cup qualifier
South Korea,1786,2025-06-05,Iraq,2,0,South Korea 2 - 0 Iraq,World Cup qualifier
South Korea,1786,2025-06-10,Kuwait,4,0,South Korea 4 - 0 Kuwait,World Cup qualifier
South Korea,1786,2025-07-07,China,3,0,South Korea 3 - 0 China,East Asian Championship
South Korea,1786,2025-07-11,Hong Kong,2,0,South Korea 2 - 0 Hong Kong,East Asian Championship
South Korea,1786,2025-07-15,Japan,0,1,South Korea 0 - 1 Japan,East Asian Championship
South Korea,1786,2025-09-06,United States,2,0,South Korea 2 - 0 United States,Friendly
South Korea,1786,2025-09-09,Mexico,2,2,South Korea 2 - 2 Mexico,Friendly
South Korea,1786,2025-10-10,Brazil,0,5,South Korea 0 - 5 Brazil,Friendly
South Korea,1786,2025-10-14,Paraguay,2,0,South Korea 2 - 0 Paraguay,Friendly
South Korea,1786,2025-11-14,Bolivia,2,0,South Korea 2 - 0 Bolivia,Friendly
South Korea,1786,2025-11-18,Ghana,1,0,South Korea 1 - 0 Ghana,Friendly
South Korea,1786,2026-03-28,Ivory Coast,0,4,South Korea 0 - 4 Ivory Coast,Friendly
South Korea,1786,2026-03-31,Austria,0,1,South Korea 0 - 1 Austria,Friendly
South Korea,1786,2026-05-30,Trinidad and Tobago,5,0,South Korea 5 - 0 Trinidad and Tobago,Friendly
South Korea,1786,2026-06-03,El Salvador,1,0,South Korea 1 - 0 El Salvador,Friendly
South Korea,1786,2026-06-11,Czechia,2,1,South Korea 2 - 1 Czechia,World Cup
Scotland,1782,2024-09-05,Poland,2,3,Scotland 2 - 3 Poland,European Nations League A
Scotland,1782,2024-09-08,Portugal,1,2,Scotland 1 - 2 Portugal,European Nations League A
Scotland,1782,2024-10-12,Croatia,1,2,Scotland 1 - 2 Croatia,European Nations League A
Scotland,1782,2024-10-15,Portugal,0,0,Scotland 0 - 0 Portugal,European Nations League A
Scotland,1782,2024-11-15,Croatia,1,0,Scotland 1 - 0 Croatia,European Nations League A
Scotland,1782,2024-11-18,Poland,2,1,Scotland 2 - 1 Poland,European Nations League A
Scotland,1782,2025-03-20,Greece,1,0,Scotland 1 - 0 Greece,European Nations League A/B Play-off
Scotland,1782,2025-03-23,Greece,0,3,Scotland 0 - 3 Greece,European Nations League A/B Play-off
Scotland,1782,2025-06-06,Iceland,1,3,Scotland 1 - 3 Iceland,Friendly
Scotland,1782,2025-06-09,Liechtenstein,4,0,Scotland 4 - 0 Liechtenstein,Friendly
Scotland,1782,2025-09-05,Denmark,0,0,Scotland 0 - 0 Denmark,World Cup qualifier
Scotland,1782,2025-09-08,Belarus,2,0,Scotland 2 - 0 Belarus,World Cup qualifier
Scotland,1782,2025-10-09,Greece,3,1,Scotland 3 - 1 Greece,World Cup qualifier
Scotland,1782,2025-10-12,Belarus,2,1,Scotland 2 - 1 Belarus,World Cup qualifier
Scotland,1782,2025-11-15,Greece,2,3,Scotland 2 - 3 Greece,World Cup qualifier
Scotland,1782,2025-11-18,Denmark,4,2,Scotland 4 - 2 Denmark,World Cup qualifier
Scotland,1782,2026-03-28,Japan,0,1,Scotland 0 - 1 Japan,Friendly
Scotland,1782,2026-03-31,Ivory Coast,0,1,Scotland 0 - 1 Ivory Coast,Friendly
Scotland,1782,2026-05-30,Curaçao,4,1,Scotland 4 - 1 Curaçao,Friendly
Scotland,1782,2026-06-06,Bolivia,4,0,Scotland 4 - 0 Bolivia,Friendly
Ukraine,1780,2024-09-07,Albania,1,2,Ukraine 1 - 2 Albania,European Nations League B
Ukraine,1780,2024-09-10,Czechia,2,3,Ukraine 2 - 3 Czechia,European Nations League B
Ukraine,1780,2024-10-11,Georgia,1,0,Ukraine 1 - 0 Georgia,European Nations League B
Ukraine,1780,2024-10-14,Czechia,1,1,Ukraine 1 - 1 Czechia,European Nations League B
Ukraine,1780,2024-11-16,Georgia,1,1,Ukraine 1 - 1 Georgia,European Nations League B
Ukraine,1780,2024-11-19,Albania,2,1,Ukraine 2 - 1 Albania,European Nations League B
Ukraine,1780,2025-03-20,Belgium,3,1,Ukraine 3 - 1 Belgium,European Nations League A/B Play-off
Ukraine,1780,2025-03-23,Belgium,0,3,Ukraine 0 - 3 Belgium,European Nations League A/B Play-off
Ukraine,1780,2025-06-07,Canada,2,4,Ukraine 2 - 4 Canada,Canadian Shield
Ukraine,1780,2025-06-10,New Zealand,2,1,Ukraine 2 - 1 New Zealand,Canadian Shield
Ukraine,1780,2025-09-05,France,0,2,Ukraine 0 - 2 France,World Cup qualifier
Ukraine,1780,2025-09-09,Azerbaijan,1,1,Ukraine 1 - 1 Azerbaijan,World Cup qualifier
Ukraine,1780,2025-10-10,Iceland,5,3,Ukraine 5 - 3 Iceland,World Cup qualifier
Ukraine,1780,2025-10-13,Azerbaijan,2,1,Ukraine 2 - 1 Azerbaijan,World Cup qualifier
Ukraine,1780,2025-11-13,France,0,4,Ukraine 0 - 4 France,World Cup qualifier
Ukraine,1780,2025-11-16,Iceland,2,0,Ukraine 2 - 0 Iceland,World Cup qualifier
Ukraine,1780,2026-03-26,Sweden,1,3,Ukraine 1 - 3 Sweden,World Cup qualifier
Ukraine,1780,2026-03-31,Albania,1,0,Ukraine 1 - 0 Albania,Friendly
Ukraine,1780,2026-05-31,Poland,2,0,Ukraine 2 - 0 Poland,Friendly
Ukraine,1780,2026-06-07,Denmark,1,2,Ukraine 1 - 2 Denmark,Friendly
Australia,1777,2024-09-05,Bahrain,0,1,Australia 0 - 1 Bahrain,World Cup qualifier
Australia,1777,2024-09-10,Indonesia,0,0,Australia 0 - 0 Indonesia,World Cup qualifier
Australia,1777,2024-10-10,China,3,1,Australia 3 - 1 China,World Cup qualifier
Australia,1777,2024-10-15,Japan,1,1,Australia 1 - 1 Japan,World Cup qualifier
Australia,1777,2024-11-14,Saudi Arabia,0,0,Australia 0 - 0 Saudi Arabia,World Cup qualifier
Australia,1777,2024-11-19,Bahrain,2,2,Australia 2 - 2 Bahrain,World Cup qualifier
Australia,1777,2025-03-20,Indonesia,5,1,Australia 5 - 1 Indonesia,World Cup qualifier
Australia,1777,2025-03-25,China,2,0,Australia 2 - 0 China,World Cup qualifier
Australia,1777,2025-06-05,Japan,1,0,Australia 1 - 0 Japan,World Cup qualifier
Australia,1777,2025-06-10,Saudi Arabia,2,1,Australia 2 - 1 Saudi Arabia,World Cup qualifier
Australia,1777,2025-09-05,New Zealand,1,0,Australia 1 - 0 New Zealand,Friendly
Australia,1777,2025-09-09,New Zealand,3,1,Australia 3 - 1 New Zealand,Friendly
Australia,1777,2025-10-10,Canada,1,0,Australia 1 - 0 Canada,Friendly
Australia,1777,2025-10-14,United States,1,2,Australia 1 - 2 United States,Friendly
Australia,1777,2025-11-14,Venezuela,0,1,Australia 0 - 1 Venezuela,Friendly
Australia,1777,2025-11-18,Colombia,0,3,Australia 0 - 3 Colombia,Friendly
Australia,1777,2026-03-27,Cameroon,1,0,Australia 1 - 0 Cameroon,FIFA Series
Australia,1777,2026-03-31,Curaçao,5,1,Australia 5 - 1 Curaçao,FIFA Series
Australia,1777,2026-05-30,Mexico,0,1,Australia 0 - 1 Mexico,Friendly
Australia,1777,2026-06-06,Switzerland,1,1,Australia 1 - 1 Switzerland,Friendly
Algeria,1772,2025-06-10,Sweden,3,4,Algeria 3 - 4 Sweden,Friendly
Algeria,1772,2025-09-04,Botswana,3,1,Algeria 3 - 1 Botswana,World Cup qualifier
Algeria,1772,2025-09-08,Guinea,0,0,Algeria 0 - 0 Guinea,World Cup qualifier
Algeria,1772,2025-10-09,Somalia,3,0,Algeria 3 - 0 Somalia,World Cup qualifier
Algeria,1772,2025-10-14,Uganda,2,1,Algeria 2 - 1 Uganda,World Cup qualifier
Algeria,1772,2025-11-13,Zimbabwe,3,1,Algeria 3 - 1 Zimbabwe,Friendly
Algeria,1772,2025-11-18,Saudi Arabia,2,0,Algeria 2 - 0 Saudi Arabia,Friendly
Algeria,1772,2025-12-03,Sudan,0,0,Algeria 0 - 0 Sudan,Arab Cup
Algeria,1772,2025-12-06,Bahrain,5,1,Algeria 5 - 1 Bahrain,Arab Cup
Algeria,1772,2025-12-09,Iraq,2,0,Algeria 2 - 0 Iraq,Arab Cup
Algeria,1772,2025-12-12,United Arab Emirates,1,1,Algeria 1 - 1 United Arab Emirates,Arab Cup
Algeria,1772,2025-12-24,Sudan,3,0,Algeria 3 - 0 Sudan,African Nations Cup
Algeria,1772,2025-12-28,Burkina Faso,1,0,Algeria 1 - 0 Burkina Faso,African Nations Cup
Algeria,1772,2025-12-31,Equatorial Guinea,3,1,Algeria 3 - 1 Equatorial Guinea,African Nations Cup
Algeria,1772,2026-01-06,DR Congo,1,0,Algeria 1 - 0 DR Congo,African Nations Cup
Algeria,1772,2026-01-10,Nigeria,0,2,Algeria 0 - 2 Nigeria,African Nations Cup
Algeria,1772,2026-03-27,Guatemala,7,0,Algeria 7 - 0 Guatemala,Friendly
Algeria,1772,2026-03-31,Uruguay,0,0,Algeria 0 - 0 Uruguay,Friendly
Algeria,1772,2026-06-03,Netherlands,1,0,Algeria 1 - 0 Netherlands,Friendly
Algeria,1772,2026-06-10,Bolivia,4,0,Algeria 4 - 0 Bolivia,Friendly
Iran,1772,2024-10-10,Uzbekistan,0,0,Iran 0 - 0 Uzbekistan,World Cup qualifier
Iran,1772,2024-10-15,Qatar,4,1,Iran 4 - 1 Qatar,World Cup qualifier
Iran,1772,2024-11-14,North Korea,3,2,Iran 3 - 2 North Korea,World Cup qualifier
Iran,1772,2024-11-19,Kyrgyzstan,3,2,Iran 3 - 2 Kyrgyzstan,World Cup qualifier
Iran,1772,2025-03-20,United Arab Emirates,2,0,Iran 2 - 0 United Arab Emirates,World Cup qualifier
Iran,1772,2025-03-25,Uzbekistan,2,2,Iran 2 - 2 Uzbekistan,World Cup qualifier
Iran,1772,2025-06-05,Qatar,0,1,Iran 0 - 1 Qatar,World Cup qualifier
Iran,1772,2025-06-10,North Korea,3,0,Iran 3 - 0 North Korea,World Cup qualifier
Iran,1772,2025-08-29,Afghanistan,3,1,Iran 3 - 1 Afghanistan,Central Asian Nations Cup
Iran,1772,2025-09-01,India,3,0,Iran 3 - 0 India,Central Asian Nations Cup
Iran,1772,2025-09-04,Tajikistan,2,2,Iran 2 - 2 Tajikistan,Central Asian Nations Cup
Iran,1772,2025-09-08,Uzbekistan,0,1,Iran 0 - 1 Uzbekistan,Central Asian Nations Cup
Iran,1772,2025-10-10,Russia,1,2,Iran 1 - 2 Russia,Friendly
Iran,1772,2025-10-14,Tanzania,2,0,Iran 2 - 0 Tanzania,Friendly
Iran,1772,2025-11-13,Cape Verde,0,0,Iran 0 - 0 Cape Verde,Friendly tournament
Iran,1772,2025-11-18,Uzbekistan,0,0,Iran 0 - 0 Uzbekistan,Friendly tournament
Iran,1772,2026-03-27,Nigeria,1,2,Iran 1 - 2 Nigeria,Al-Nashama Tournament
Iran,1772,2026-03-31,Costa Rica,5,0,Iran 5 - 0 Costa Rica,Al-Nashama Tournament
Iran,1772,2026-05-29,Gambia,3,1,Iran 3 - 1 Gambia,Friendly
Iran,1772,2026-06-04,Mali,2,0,Iran 2 - 0 Mali,Friendly
Russia,1772,2024-03-21,Serbia,4,0,Russia 4 - 0 Serbia,Friendly
Russia,1772,2024-06-07,Belarus,4,0,Russia 4 - 0 Belarus,Friendly
Russia,1772,2024-09-05,Vietnam,3,0,Russia 3 - 0 Vietnam,Vietnam FF Cup
Russia,1772,2024-11-15,Brunei,11,0,Russia 11 - 0 Brunei,Friendly
Russia,1772,2024-11-19,Syria,4,0,Russia 4 - 0 Syria,Friendly
Russia,1772,2025-03-19,Grenada,5,0,Russia 5 - 0 Grenada,Friendly
Russia,1772,2025-03-25,Zambia,5,0,Russia 5 - 0 Zambia,Friendly
Russia,1772,2025-06-06,Nigeria,1,1,Russia 1 - 1 Nigeria,Friendly
Russia,1772,2025-06-10,Belarus,4,1,Russia 4 - 1 Belarus,Friendly
Russia,1772,2025-09-04,Jordan,0,0,Russia 0 - 0 Jordan,Friendly
Russia,1772,2025-09-07,Qatar,4,1,Russia 4 - 1 Qatar,Friendly
Russia,1772,2025-10-10,Iran,2,1,Russia 2 - 1 Iran,Friendly
Russia,1772,2025-10-14,Bolivia,3,0,Russia 3 - 0 Bolivia,Friendly
Russia,1772,2025-11-12,Peru,1,1,Russia 1 - 1 Peru,Friendly
Russia,1772,2025-11-15,Chile,0,2,Russia 0 - 2 Chile,Friendly
Russia,1772,2026-03-27,Nicaragua,3,1,Russia 3 - 1 Nicaragua,Friendly
Russia,1772,2026-03-31,Mali,0,0,Russia 0 - 0 Mali,Friendly
Russia,1772,2026-05-28,Egypt,0,1,Russia 0 - 1 Egypt,Friendly
Russia,1772,2026-06-05,Burkina Faso,3,0,Russia 3 - 0 Burkina Faso,Friendly
Russia,1772,2026-06-09,Trinidad and Tobago,3,0,Russia 3 - 0 Trinidad and Tobago,Friendly
Canada,1767,2025-03-20,Mexico,0,2,Canada 0 - 2 Mexico,CONCACAF Nations League
Canada,1767,2025-03-23,United States,2,1,Canada 2 - 1 United States,CONCACAF Nations League
Canada,1767,2025-06-07,Ukraine,4,2,Canada 4 - 2 Ukraine,Canadian Shield
Canada,1767,2025-06-10,Ivory Coast,0,0,Canada 0 - 0 Ivory Coast,Canadian Shield
Canada,1767,2025-06-17,Honduras,6,0,Canada 6 - 0 Honduras,CONCACAF Championship
Canada,1767,2025-06-21,Curaçao,1,1,Canada 1 - 1 Curaçao,CONCACAF Championship
Canada,1767,2025-06-24,El Salvador,2,0,Canada 2 - 0 El Salvador,CONCACAF Championship
Canada,1767,2025-06-29,Guatemala,1,1,Canada 1 - 1 Guatemala,CONCACAF Championship
Canada,1767,2025-09-05,Romania,3,0,Canada 3 - 0 Romania,Friendly
Canada,1767,2025-09-09,Wales,1,0,Canada 1 - 0 Wales,Friendly
Canada,1767,2025-10-10,Australia,0,1,Canada 0 - 1 Australia,Friendly
Canada,1767,2025-10-14,Colombia,0,0,Canada 0 - 0 Colombia,Friendly
Canada,1767,2025-11-13,Ecuador,0,0,Canada 0 - 0 Ecuador,Friendly
Canada,1767,2025-11-18,Venezuela,2,0,Canada 2 - 0 Venezuela,Friendly
Canada,1767,2026-01-17,Guatemala,1,0,Canada 1 - 0 Guatemala,Friendly
Canada,1767,2026-03-28,Iceland,2,2,Canada 2 - 2 Iceland,Friendly tournament
Canada,1767,2026-03-31,Tunisia,0,0,Canada 0 - 0 Tunisia,Friendly tournament
Canada,1767,2026-06-01,Uzbekistan,2,0,Canada 2 - 0 Uzbekistan,Friendly
Canada,1767,2026-06-05,Ireland,1,1,Canada 1 - 1 Ireland,Friendly
Canada,1767,2026-06-12,Bosnia and Herzegovina,1,1,Canada 1 - 1 Bosnia and Herzegovina,World Cup
Nigeria,1767,2025-09-06,Rwanda,1,0,Nigeria 1 - 0 Rwanda,World Cup qualifier
Nigeria,1767,2025-09-09,South Africa,1,1,Nigeria 1 - 1 South Africa,World Cup qualifier
Nigeria,1767,2025-10-10,Lesotho,2,1,Nigeria 2 - 1 Lesotho,World Cup qualifier
Nigeria,1767,2025-10-14,Benin,4,0,Nigeria 4 - 0 Benin,World Cup qualifier
Nigeria,1767,2025-11-13,Gabon,4,1,Nigeria 4 - 1 Gabon,World Cup qualifier
Nigeria,1767,2025-11-16,DR Congo,1,1,Nigeria 1 - 1 DR Congo,World Cup qualifier
Nigeria,1767,2025-12-16,Egypt,1,2,Nigeria 1 - 2 Egypt,Friendly
Nigeria,1767,2025-12-23,Tanzania,2,1,Nigeria 2 - 1 Tanzania,African Nations Cup
Nigeria,1767,2025-12-27,Tunisia,3,2,Nigeria 3 - 2 Tunisia,African Nations Cup
Nigeria,1767,2025-12-30,Uganda,3,1,Nigeria 3 - 1 Uganda,African Nations Cup
Nigeria,1767,2026-01-05,Mozambique,4,0,Nigeria 4 - 0 Mozambique,African Nations Cup
Nigeria,1767,2026-01-10,Algeria,2,0,Nigeria 2 - 0 Algeria,African Nations Cup
Nigeria,1767,2026-01-14,Morocco,0,0,Nigeria 0 - 0 Morocco,African Nations Cup
Nigeria,1767,2026-01-17,Egypt,0,0,Nigeria 0 - 0 Egypt,African Nations Cup
Nigeria,1767,2026-03-27,Iran,2,1,Nigeria 2 - 1 Iran,Al-Nashama Tournament
Nigeria,1767,2026-03-31,Jordan,2,2,Nigeria 2 - 2 Jordan,Al-Nashama Tournament
Nigeria,1767,2026-05-26,Zimbabwe,2,0,Nigeria 2 - 0 Zimbabwe,Unity Cup
Nigeria,1767,2026-05-30,Jamaica,3,0,Nigeria 3 - 0 Jamaica,Unity Cup
Nigeria,1767,2026-06-03,Poland,2,2,Nigeria 2 - 2 Poland,Friendly
Nigeria,1767,2026-06-10,Portugal,1,2,Nigeria 1 - 2 Portugal,Friendly
Greece,1744,2024-09-07,Finland,3,0,Greece 3 - 0 Finland,European Nations League B
Greece,1744,2024-09-10,Ireland,2,0,Greece 2 - 0 Ireland,European Nations League B
Greece,1744,2024-10-10,England,2,1,Greece 2 - 1 England,European Nations League B
Greece,1744,2024-10-13,Ireland,2,0,Greece 2 - 0 Ireland,European Nations League B
Greece,1744,2024-11-14,England,0,3,Greece 0 - 3 England,European Nations League B
Greece,1744,2024-11-17,Finland,2,0,Greece 2 - 0 Finland,European Nations League B
Greece,1744,2025-03-20,Scotland,0,1,Greece 0 - 1 Scotland,European Nations League A/B Play-off
Greece,1744,2025-03-23,Scotland,3,0,Greece 3 - 0 Scotland,European Nations League A/B Play-off
Greece,1744,2025-06-07,Slovakia,4,1,Greece 4 - 1 Slovakia,Friendly
Greece,1744,2025-06-10,Bulgaria,4,0,Greece 4 - 0 Bulgaria,Friendly
Greece,1744,2025-09-05,Belarus,5,1,Greece 5 - 1 Belarus,World Cup qualifier
Greece,1744,2025-09-08,Denmark,0,3,Greece 0 - 3 Denmark,World Cup qualifier
Greece,1744,2025-10-09,Scotland,1,3,Greece 1 - 3 Scotland,World Cup qualifier
Greece,1744,2025-10-12,Denmark,1,3,Greece 1 - 3 Denmark,World Cup qualifier
Greece,1744,2025-11-15,Scotland,3,2,Greece 3 - 2 Scotland,World Cup qualifier
Greece,1744,2025-11-18,Belarus,0,0,Greece 0 - 0 Belarus,World Cup qualifier
Greece,1744,2026-03-27,Paraguay,0,1,Greece 0 - 1 Paraguay,Friendly
Greece,1744,2026-03-31,Hungary,0,0,Greece 0 - 0 Hungary,Friendly
Greece,1744,2026-06-04,Sweden,2,2,Greece 2 - 2 Sweden,Friendly
Greece,1744,2026-06-07,Italy,0,1,Greece 0 - 1 Italy,Friendly
Serbia,1734,2024-09-05,Spain,0,0,Serbia 0 - 0 Spain,European Nations League A
Serbia,1734,2024-09-08,Denmark,0,2,Serbia 0 - 2 Denmark,European Nations League A
Serbia,1734,2024-10-12,Switzerland,2,0,Serbia 2 - 0 Switzerland,European Nations League A
Serbia,1734,2024-10-15,Spain,0,3,Serbia 0 - 3 Spain,European Nations League A
Serbia,1734,2024-11-15,Switzerland,1,1,Serbia 1 - 1 Switzerland,European Nations League A
Serbia,1734,2024-11-18,Denmark,0,0,Serbia 0 - 0 Denmark,European Nations League A
Serbia,1734,2025-03-20,Austria,1,1,Serbia 1 - 1 Austria,European Nations League A/B Play-off
Serbia,1734,2025-03-23,Austria,2,0,Serbia 2 - 0 Austria,European Nations League A/B Play-off
Serbia,1734,2025-06-07,Albania,0,0,Serbia 0 - 0 Albania,World Cup qualifier
Serbia,1734,2025-06-10,Andorra,3,0,Serbia 3 - 0 Andorra,World Cup qualifier
Serbia,1734,2025-09-06,Latvia,1,0,Serbia 1 - 0 Latvia,World Cup qualifier
Serbia,1734,2025-09-09,England,0,5,Serbia 0 - 5 England,World Cup qualifier
Serbia,1734,2025-10-11,Albania,0,1,Serbia 0 - 1 Albania,World Cup qualifier
Serbia,1734,2025-10-14,Andorra,3,1,Serbia 3 - 1 Andorra,World Cup qualifier
Serbia,1734,2025-11-13,England,0,2,Serbia 0 - 2 England,World Cup qualifier
Serbia,1734,2025-11-16,Latvia,2,1,Serbia 2 - 1 Latvia,World Cup qualifier
Serbia,1734,2026-03-27,Spain,0,3,Serbia 0 - 3 Spain,Friendly
Serbia,1734,2026-03-31,Saudi Arabia,2,1,Serbia 2 - 1 Saudi Arabia,Friendly
Serbia,1734,2026-05-31,Cape Verde,0,3,Serbia 0 - 3 Cape Verde,Friendly
Serbia,1734,2026-06-04,Mexico,1,5,Serbia 1 - 5 Mexico,Friendly
Venezuela,1733,2024-09-05,Bolivia,0,4,Venezuela 0 - 4 Bolivia,World Cup qualifier
Venezuela,1733,2024-09-10,Uruguay,0,0,Venezuela 0 - 0 Uruguay,World Cup qualifier
Venezuela,1733,2024-10-10,Argentina,1,1,Venezuela 1 - 1 Argentina,World Cup qualifier
Venezuela,1733,2024-10-15,Paraguay,1,2,Venezuela 1 - 2 Paraguay,World Cup qualifier
Venezuela,1733,2024-11-14,Brazil,1,1,Venezuela 1 - 1 Brazil,World Cup qualifier
Venezuela,1733,2024-11-19,Chile,2,4,Venezuela 2 - 4 Chile,World Cup qualifier
Venezuela,1733,2025-01-18,United States,1,3,Venezuela 1 - 3 United States,Friendly
Venezuela,1733,2025-03-21,Ecuador,1,2,Venezuela 1 - 2 Ecuador,World Cup qualifier
Venezuela,1733,2025-03-25,Peru,1,0,Venezuela 1 - 0 Peru,World Cup qualifier
Venezuela,1733,2025-06-06,Bolivia,2,0,Venezuela 2 - 0 Bolivia,World Cup qualifier
Venezuela,1733,2025-06-10,Uruguay,0,2,Venezuela 0 - 2 Uruguay,World Cup qualifier
Venezuela,1733,2025-09-04,Argentina,0,3,Venezuela 0 - 3 Argentina,World Cup qualifier
Venezuela,1733,2025-09-09,Colombia,3,6,Venezuela 3 - 6 Colombia,World Cup qualifier
Venezuela,1733,2025-10-10,Argentina,0,1,Venezuela 0 - 1 Argentina,Friendly
Venezuela,1733,2025-11-14,Australia,1,0,Venezuela 1 - 0 Australia,Friendly
Venezuela,1733,2025-11-18,Canada,0,2,Venezuela 0 - 2 Canada,Friendly
Venezuela,1733,2026-03-27,Trinidad and Tobago,4,1,Venezuela 4 - 1 Trinidad and Tobago,FIFA Series
Venezuela,1733,2026-03-30,Uzbekistan,0,0,Venezuela 0 - 0 Uzbekistan,FIFA Series
Venezuela,1733,2026-06-06,Turkey,1,2,Venezuela 1 - 2 Turkey,Friendly
Venezuela,1733,2026-06-09,Iraq,2,0,Venezuela 2 - 0 Iraq,Friendly
Panama,1730,2025-03-23,Mexico,1,2,Panama 1 - 2 Mexico,CONCACAF Nations League
Panama,1730,2025-06-07,Belize,2,0,Panama 2 - 0 Belize,World Cup qualifier
Panama,1730,2025-06-10,Nicaragua,3,0,Panama 3 - 0 Nicaragua,World Cup qualifier
Panama,1730,2025-06-16,Guadeloupe,5,2,Panama 5 - 2 Guadeloupe,CONCACAF Championship
Panama,1730,2025-06-20,Guatemala,1,0,Panama 1 - 0 Guatemala,CONCACAF Championship
Panama,1730,2025-06-24,Jamaica,4,1,Panama 4 - 1 Jamaica,CONCACAF Championship
Panama,1730,2025-06-28,Honduras,1,1,Panama 1 - 1 Honduras,CONCACAF Championship
Panama,1730,2025-09-04,Suriname,0,0,Panama 0 - 0 Suriname,World Cup qualifier
Panama,1730,2025-09-08,Guatemala,1,1,Panama 1 - 1 Guatemala,World Cup qualifier
Panama,1730,2025-10-10,El Salvador,1,0,Panama 1 - 0 El Salvador,World Cup qualifier
Panama,1730,2025-10-14,Suriname,1,1,Panama 1 - 1 Suriname,World Cup qualifier
Panama,1730,2025-11-13,Guatemala,3,2,Panama 3 - 2 Guatemala,World Cup qualifier
Panama,1730,2025-11-18,El Salvador,3,0,Panama 3 - 0 El Salvador,World Cup qualifier
Panama,1730,2026-01-18,Bolivia,1,1,Panama 1 - 1 Bolivia,Friendly
Panama,1730,2026-01-22,Mexico,0,1,Panama 0 - 1 Mexico,Friendly
Panama,1730,2026-03-27,South Africa,1,1,Panama 1 - 1 South Africa,Friendly
Panama,1730,2026-03-31,South Africa,2,1,Panama 2 - 1 South Africa,Friendly
Panama,1730,2026-05-31,Brazil,2,6,Panama 2 - 6 Brazil,Friendly
Panama,1730,2026-06-03,Dominican Republic,4,2,Panama 4 - 2 Dominican Republic,Friendly
Panama,1730,2026-06-06,Bosnia and Herzegovina,1,1,Panama 1 - 1 Bosnia and Herzegovina,Friendly
United States,1726,2025-03-20,Panama,0,1,United States 0 - 1 Panama,CONCACAF Nations League
United States,1726,2025-03-23,Canada,1,2,United States 1 - 2 Canada,CONCACAF Nations League
United States,1726,2025-06-07,Turkey,1,2,United States 1 - 2 Turkey,Friendly
United States,1726,2025-06-10,Switzerland,0,4,United States 0 - 4 Switzerland,Friendly
United States,1726,2025-06-15,Trinidad and Tobago,5,0,United States 5 - 0 Trinidad and Tobago,CONCACAF Championship
United States,1726,2025-06-19,Saudi Arabia,1,0,United States 1 - 0 Saudi Arabia,CONCACAF Championship
United States,1726,2025-06-22,Haiti,2,1,United States 2 - 1 Haiti,CONCACAF Championship
United States,1726,2025-06-29,Costa Rica,2,2,United States 2 - 2 Costa Rica,CONCACAF Championship
United States,1726,2025-07-02,Guatemala,2,1,United States 2 - 1 Guatemala,CONCACAF Championship
United States,1726,2025-07-06,Mexico,1,2,United States 1 - 2 Mexico,CONCACAF Championship
United States,1726,2025-09-06,South Korea,0,2,United States 0 - 2 South Korea,Friendly
United States,1726,2025-09-09,Japan,2,0,United States 2 - 0 Japan,Friendly
United States,1726,2025-10-10,Ecuador,1,1,United States 1 - 1 Ecuador,Friendly
United States,1726,2025-10-14,Australia,2,1,United States 2 - 1 Australia,Friendly
United States,1726,2025-11-15,Paraguay,2,1,United States 2 - 1 Paraguay,Friendly
United States,1726,2025-11-18,Uruguay,5,1,United States 5 - 1 Uruguay,Friendly
United States,1726,2026-03-28,Belgium,2,5,United States 2 - 5 Belgium,Friendly
United States,1726,2026-03-31,Portugal,0,2,United States 0 - 2 Portugal,Friendly
United States,1726,2026-05-31,Senegal,3,2,United States 3 - 2 Senegal,Friendly
United States,1726,2026-06-06,Germany,1,2,United States 1 - 2 Germany,Friendly
Chile,1717,2024-09-05,Argentina,0,3,Chile 0 - 3 Argentina,World Cup qualifier
Chile,1717,2024-09-10,Bolivia,1,2,Chile 1 - 2 Bolivia,World Cup qualifier
Chile,1717,2024-10-10,Brazil,1,2,Chile 1 - 2 Brazil,World Cup qualifier
Chile,1717,2024-10-15,Colombia,0,4,Chile 0 - 4 Colombia,World Cup qualifier
Chile,1717,2024-11-15,Peru,0,0,Chile 0 - 0 Peru,World Cup qualifier
Chile,1717,2024-11-19,Venezuela,4,2,Chile 4 - 2 Venezuela,World Cup qualifier
Chile,1717,2025-02-08,Panama,6,1,Chile 6 - 1 Panama,Friendly
Chile,1717,2025-03-20,Paraguay,0,1,Chile 0 - 1 Paraguay,World Cup qualifier
Chile,1717,2025-03-25,Ecuador,0,0,Chile 0 - 0 Ecuador,World Cup qualifier
Chile,1717,2025-06-05,Argentina,0,1,Chile 0 - 1 Argentina,World Cup qualifier
Chile,1717,2025-06-10,Bolivia,0,2,Chile 0 - 2 Bolivia,World Cup qualifier
Chile,1717,2025-09-04,Brazil,0,3,Chile 0 - 3 Brazil,World Cup qualifier
Chile,1717,2025-09-09,Uruguay,0,0,Chile 0 - 0 Uruguay,World Cup qualifier
Chile,1717,2025-10-10,Peru,2,1,Chile 2 - 1 Peru,Friendly
Chile,1717,2025-11-15,Russia,2,0,Chile 2 - 0 Russia,Friendly
Chile,1717,2025-11-18,Peru,2,1,Chile 2 - 1 Peru,Friendly
Chile,1717,2026-03-27,Cape Verde,4,2,Chile 4 - 2 Cape Verde,FIFA Series
Chile,1717,2026-03-30,New Zealand,1,4,Chile 1 - 4 New Zealand,FIFA Series
Chile,1717,2026-06-06,Portugal,1,2,Chile 1 - 2 Portugal,Friendly
Chile,1717,2026-06-09,DR Congo,2,1,Chile 2 - 1 DR Congo,Friendly
Kosovo,1715,2024-09-06,Romania,0,3,Kosovo 0 - 3 Romania,European Nations League C
Kosovo,1715,2024-09-09,Cyprus,4,0,Kosovo 4 - 0 Cyprus,European Nations League C
Kosovo,1715,2024-10-12,Lithuania,2,1,Kosovo 2 - 1 Lithuania,European Nations League C
Kosovo,1715,2024-10-15,Cyprus,3,0,Kosovo 3 - 0 Cyprus,European Nations League C
Kosovo,1715,2024-11-15,Romania,0,0,Kosovo 0 - 0 Romania,European Nations League C
Kosovo,1715,2024-11-18,Lithuania,1,0,Kosovo 1 - 0 Lithuania,European Nations League C
Kosovo,1715,2025-03-20,Iceland,2,1,Kosovo 2 - 1 Iceland,European Nations League B/C Play-off
Kosovo,1715,2025-03-23,Iceland,3,1,Kosovo 3 - 1 Iceland,European Nations League B/C Play-off
Kosovo,1715,2025-06-06,Armenia,5,2,Kosovo 5 - 2 Armenia,Friendly
Kosovo,1715,2025-06-09,Comoros,4,2,Kosovo 4 - 2 Comoros,Friendly
Kosovo,1715,2025-09-05,Switzerland,0,4,Kosovo 0 - 4 Switzerland,World Cup qualifier
Kosovo,1715,2025-09-08,Sweden,2,0,Kosovo 2 - 0 Sweden,World Cup qualifier
Kosovo,1715,2025-10-10,Slovenia,0,0,Kosovo 0 - 0 Slovenia,World Cup qualifier
Kosovo,1715,2025-10-13,Sweden,1,0,Kosovo 1 - 0 Sweden,World Cup qualifier
Kosovo,1715,2025-11-15,Slovenia,2,0,Kosovo 2 - 0 Slovenia,World Cup qualifier
Kosovo,1715,2025-11-18,Switzerland,1,1,Kosovo 1 - 1 Switzerland,World Cup qualifier
Kosovo,1715,2026-03-26,Slovakia,4,3,Kosovo 4 - 3 Slovakia,World Cup qualifier
Kosovo,1715,2026-03-31,Turkey,0,1,Kosovo 0 - 1 Turkey,World Cup qualifier
Kosovo,1715,2026-05-31,Czechia,1,2,Kosovo 1 - 2 Czechia,Friendly
Kosovo,1715,2026-06-07,Andorra,3,0,Kosovo 3 - 0 Andorra,Friendly
Uzbekistan,1714,2024-11-14,Qatar,2,3,Uzbekistan 2 - 3 Qatar,World Cup qualifier
Uzbekistan,1714,2024-11-19,North Korea,1,0,Uzbekistan 1 - 0 North Korea,World Cup qualifier
Uzbekistan,1714,2025-01-27,Jordan,0,0,Uzbekistan 0 - 0 Jordan,Friendly
Uzbekistan,1714,2025-03-20,Kyrgyzstan,1,0,Uzbekistan 1 - 0 Kyrgyzstan,World Cup qualifier
Uzbekistan,1714,2025-03-25,Iran,2,2,Uzbekistan 2 - 2 Iran,World Cup qualifier
Uzbekistan,1714,2025-06-05,United Arab Emirates,0,0,Uzbekistan 0 - 0 United Arab Emirates,World Cup qualifier
Uzbekistan,1714,2025-06-10,Qatar,3,0,Uzbekistan 3 - 0 Qatar,World Cup qualifier
Uzbekistan,1714,2025-08-30,Oman,1,1,Uzbekistan 1 - 1 Oman,Central Asian Nations Cup
Uzbekistan,1714,2025-09-02,Turkmenistan,2,1,Uzbekistan 2 - 1 Turkmenistan,Central Asian Nations Cup
Uzbekistan,1714,2025-09-05,Kyrgyzstan,4,0,Uzbekistan 4 - 0 Kyrgyzstan,Central Asian Nations Cup
Uzbekistan,1714,2025-09-08,Iran,1,0,Uzbekistan 1 - 0 Iran,Central Asian Nations Cup
Uzbekistan,1714,2025-10-09,Kuwait,2,0,Uzbekistan 2 - 0 Kuwait,Friendly
Uzbekistan,1714,2025-10-13,Uruguay,1,2,Uzbekistan 1 - 2 Uruguay,Friendly
Uzbekistan,1714,2025-11-14,Egypt,2,0,Uzbekistan 2 - 0 Egypt,Friendly tournament
Uzbekistan,1714,2025-11-18,Iran,0,0,Uzbekistan 0 - 0 Iran,Friendly tournament
Uzbekistan,1714,2026-01-26,China,2,2,Uzbekistan 2 - 2 China,Friendly
Uzbekistan,1714,2026-03-27,Gabon,3,1,Uzbekistan 3 - 1 Gabon,FIFA Series
Uzbekistan,1714,2026-03-30,Venezuela,0,0,Uzbekistan 0 - 0 Venezuela,FIFA Series
Uzbekistan,1714,2026-06-01,Canada,0,2,Uzbekistan 0 - 2 Canada,Friendly
Uzbekistan,1714,2026-06-08,Netherlands,1,2,Uzbekistan 1 - 2 Netherlands,Friendly
Czechia,1712,2024-09-10,Ukraine,3,2,Czechia 3 - 2 Ukraine,European Nations League B
Czechia,1712,2024-10-11,Albania,2,0,Czechia 2 - 0 Albania,European Nations League B
Czechia,1712,2024-10-14,Ukraine,1,1,Czechia 1 - 1 Ukraine,European Nations League B
Czechia,1712,2024-11-16,Albania,0,0,Czechia 0 - 0 Albania,European Nations League B
Czechia,1712,2024-11-19,Georgia,2,1,Czechia 2 - 1 Georgia,European Nations League B
Czechia,1712,2025-03-22,Faroe Islands,2,1,Czechia 2 - 1 Faroe Islands,World Cup qualifier
Czechia,1712,2025-03-25,Gibraltar,4,0,Czechia 4 - 0 Gibraltar,World Cup qualifier
Czechia,1712,2025-06-06,Montenegro,2,0,Czechia 2 - 0 Montenegro,World Cup qualifier
Czechia,1712,2025-06-09,Croatia,1,5,Czechia 1 - 5 Croatia,World Cup qualifier
Czechia,1712,2025-09-05,Montenegro,2,0,Czechia 2 - 0 Montenegro,World Cup qualifier
Czechia,1712,2025-09-08,Saudi Arabia,1,1,Czechia 1 - 1 Saudi Arabia,Friendly
Czechia,1712,2025-10-09,Croatia,0,0,Czechia 0 - 0 Croatia,World Cup qualifier
Czechia,1712,2025-10-12,Faroe Islands,1,2,Czechia 1 - 2 Faroe Islands,World Cup qualifier
Czechia,1712,2025-11-13,San Marino,1,0,Czechia 1 - 0 San Marino,Friendly
Czechia,1712,2025-11-17,Gibraltar,6,0,Czechia 6 - 0 Gibraltar,World Cup qualifier
Czechia,1712,2026-03-26,Ireland,2,2,Czechia 2 - 2 Ireland,World Cup qualifier
Czechia,1712,2026-03-31,Denmark,2,2,Czechia 2 - 2 Denmark,World Cup qualifier
Czechia,1712,2026-05-31,Kosovo,2,1,Czechia 2 - 1 Kosovo,Friendly
Czechia,1712,2026-06-04,Guatemala,3,1,Czechia 3 - 1 Guatemala,Friendly
Czechia,1712,2026-06-11,South Korea,1,2,Czechia 1 - 2 South Korea,World Cup
Sweden,1712,2024-09-05,Azerbaijan,3,1,Sweden 3 - 1 Azerbaijan,European Nations League C
Sweden,1712,2024-09-08,Estonia,3,0,Sweden 3 - 0 Estonia,European Nations League C
Sweden,1712,2024-10-11,Slovakia,2,2,Sweden 2 - 2 Slovakia,European Nations League C
Sweden,1712,2024-10-14,Estonia,3,0,Sweden 3 - 0 Estonia,European Nations League C
Sweden,1712,2024-11-16,Slovakia,2,1,Sweden 2 - 1 Slovakia,European Nations League C
Sweden,1712,2024-11-19,Azerbaijan,6,0,Sweden 6 - 0 Azerbaijan,European Nations League C
Sweden,1712,2025-03-22,Luxembourg,0,1,Sweden 0 - 1 Luxembourg,Friendly
Sweden,1712,2025-03-25,Northern Ireland,5,1,Sweden 5 - 1 Northern Ireland,Friendly
Sweden,1712,2025-06-06,Hungary,2,0,Sweden 2 - 0 Hungary,Friendly
Sweden,1712,2025-06-10,Algeria,4,3,Sweden 4 - 3 Algeria,Friendly
Sweden,1712,2025-09-05,Slovenia,2,2,Sweden 2 - 2 Slovenia,World Cup qualifier
Sweden,1712,2025-09-08,Kosovo,0,2,Sweden 0 - 2 Kosovo,World Cup qualifier
Sweden,1712,2025-10-10,Switzerland,0,2,Sweden 0 - 2 Switzerland,World Cup qualifier
Sweden,1712,2025-10-13,Kosovo,0,1,Sweden 0 - 1 Kosovo,World Cup qualifier
Sweden,1712,2025-11-15,Switzerland,1,4,Sweden 1 - 4 Switzerland,World Cup qualifier
Sweden,1712,2025-11-18,Slovenia,1,1,Sweden 1 - 1 Slovenia,World Cup qualifier
Sweden,1712,2026-03-26,Ukraine,3,1,Sweden 3 - 1 Ukraine,World Cup qualifier
Sweden,1712,2026-03-31,Poland,3,2,Sweden 3 - 2 Poland,World Cup qualifier
Sweden,1712,2026-06-01,Norway,1,3,Sweden 1 - 3 Norway,Friendly
Sweden,1712,2026-06-04,Greece,2,2,Sweden 2 - 2 Greece,Friendly
Hungary,1710,2024-09-07,Germany,0,5,Hungary 0 - 5 Germany,European Nations League A
Hungary,1710,2024-09-10,Bosnia and Herzegovina,0,0,Hungary 0 - 0 Bosnia and Herzegovina,European Nations League A
Hungary,1710,2024-10-11,Netherlands,1,1,Hungary 1 - 1 Netherlands,European Nations League A
Hungary,1710,2024-10-14,Bosnia and Herzegovina,2,0,Hungary 2 - 0 Bosnia and Herzegovina,European Nations League A
Hungary,1710,2024-11-16,Netherlands,0,4,Hungary 0 - 4 Netherlands,European Nations League A
Hungary,1710,2024-11-19,Germany,1,1,Hungary 1 - 1 Germany,European Nations League A
Hungary,1710,2025-03-20,Turkey,1,3,Hungary 1 - 3 Turkey,European Nations League A/B Play-off
Hungary,1710,2025-03-23,Turkey,0,3,Hungary 0 - 3 Turkey,European Nations League A/B Play-off
Hungary,1710,2025-06-06,Sweden,0,2,Hungary 0 - 2 Sweden,Friendly
Hungary,1710,2025-06-10,Azerbaijan,2,1,Hungary 2 - 1 Azerbaijan,Friendly
Hungary,1710,2025-09-06,Ireland,2,2,Hungary 2 - 2 Ireland,World Cup qualifier
Hungary,1710,2025-09-09,Portugal,2,3,Hungary 2 - 3 Portugal,World Cup qualifier
Hungary,1710,2025-10-11,Armenia,2,0,Hungary 2 - 0 Armenia,World Cup qualifier
Hungary,1710,2025-10-14,Portugal,2,2,Hungary 2 - 2 Portugal,World Cup qualifier
Hungary,1710,2025-11-13,Armenia,1,0,Hungary 1 - 0 Armenia,World Cup qualifier
Hungary,1710,2025-11-16,Ireland,2,3,Hungary 2 - 3 Ireland,World Cup qualifier
Hungary,1710,2026-03-28,Slovenia,1,0,Hungary 1 - 0 Slovenia,Friendly
Hungary,1710,2026-03-31,Greece,0,0,Hungary 0 - 0 Greece,Friendly
Hungary,1710,2026-06-05,Finland,2,1,Hungary 2 - 1 Finland,Friendly
Hungary,1710,2026-06-09,Kazakhstan,3,1,Hungary 3 - 1 Kazakhstan,Friendly
Poland,1710,2024-09-05,Scotland,3,2,Poland 3 - 2 Scotland,European Nations League A
Poland,1710,2024-09-08,Croatia,0,1,Poland 0 - 1 Croatia,European Nations League A
Poland,1710,2024-10-12,Portugal,1,3,Poland 1 - 3 Portugal,European Nations League A
Poland,1710,2024-10-15,Croatia,3,3,Poland 3 - 3 Croatia,European Nations League A
Poland,1710,2024-11-15,Portugal,1,5,Poland 1 - 5 Portugal,European Nations League A
Poland,1710,2024-11-18,Scotland,1,2,Poland 1 - 2 Scotland,European Nations League A
Poland,1710,2025-03-21,Lithuania,1,0,Poland 1 - 0 Lithuania,World Cup qualifier
Poland,1710,2025-03-24,Malta,2,0,Poland 2 - 0 Malta,World Cup qualifier
Poland,1710,2025-06-06,Moldova,2,0,Poland 2 - 0 Moldova,Friendly
Poland,1710,2025-06-10,Finland,1,2,Poland 1 - 2 Finland,World Cup qualifier
Poland,1710,2025-09-04,Netherlands,1,1,Poland 1 - 1 Netherlands,World Cup qualifier
Poland,1710,2025-09-07,Finland,3,1,Poland 3 - 1 Finland,World Cup qualifier
Poland,1710,2025-10-09,New Zealand,1,0,Poland 1 - 0 New Zealand,Friendly
Poland,1710,2025-10-12,Lithuania,2,0,Poland 2 - 0 Lithuania,World Cup qualifier
Poland,1710,2025-11-14,Netherlands,1,1,Poland 1 - 1 Netherlands,World Cup qualifier
Poland,1710,2025-11-17,Malta,3,2,Poland 3 - 2 Malta,World Cup qualifier
Poland,1710,2026-03-26,Albania,2,1,Poland 2 - 1 Albania,World Cup qualifier
Poland,1710,2026-03-31,Sweden,2,3,Poland 2 - 3 Sweden,World Cup qualifier
Poland,1710,2026-05-31,Ukraine,0,2,Poland 0 - 2 Ukraine,Friendly
Poland,1710,2026-06-03,Nigeria,2,2,Poland 2 - 2 Nigeria,Friendly
Peru,1700,2024-09-06,Colombia,1,1,Peru 1 - 1 Colombia,World Cup qualifier
Peru,1700,2024-09-10,Ecuador,0,1,Peru 0 - 1 Ecuador,World Cup qualifier
Peru,1700,2024-10-11,Uruguay,1,0,Peru 1 - 0 Uruguay,World Cup qualifier
Peru,1700,2024-10-15,Brazil,0,4,Peru 0 - 4 Brazil,World Cup qualifier
Peru,1700,2024-11-15,Chile,0,0,Peru 0 - 0 Chile,World Cup qualifier
Peru,1700,2024-11-19,Argentina,0,1,Peru 0 - 1 Argentina,World Cup qualifier
Peru,1700,2025-03-20,Bolivia,3,1,Peru 3 - 1 Bolivia,World Cup qualifier
Peru,1700,2025-03-25,Venezuela,0,1,Peru 0 - 1 Venezuela,World Cup qualifier
Peru,1700,2025-06-06,Colombia,0,0,Peru 0 - 0 Colombia,World Cup qualifier
Peru,1700,2025-06-10,Ecuador,0,0,Peru 0 - 0 Ecuador,World Cup qualifier
Peru,1700,2025-09-04,Uruguay,0,3,Peru 0 - 3 Uruguay,World Cup qualifier
Peru,1700,2025-09-09,Paraguay,0,1,Peru 0 - 1 Paraguay,World Cup qualifier
Peru,1700,2025-10-10,Chile,1,2,Peru 1 - 2 Chile,Friendly
Peru,1700,2025-11-12,Russia,1,1,Peru 1 - 1 Russia,Friendly
Peru,1700,2025-11-18,Chile,1,2,Peru 1 - 2 Chile,Friendly
Peru,1700,2025-12-21,Bolivia,2,0,Peru 2 - 0 Bolivia,Friendly
Peru,1700,2026-03-28,Senegal,0,2,Peru 0 - 2 Senegal,Friendly
Peru,1700,2026-03-31,Honduras,2,2,Peru 2 - 2 Honduras,Friendly
Peru,1700,2026-06-05,Haiti,2,1,Peru 2 - 1 Haiti,Friendly
Peru,1700,2026-06-08,Spain,1,3,Peru 1 - 3 Spain,Friendly
Ireland,1699,2024-09-10,Greece,0,2,Ireland 0 - 2 Greece,European Nations League B
Ireland,1699,2024-10-10,Finland,2,1,Ireland 2 - 1 Finland,European Nations League B
Ireland,1699,2024-10-13,Greece,0,2,Ireland 0 - 2 Greece,European Nations League B
Ireland,1699,2024-11-14,Finland,1,0,Ireland 1 - 0 Finland,European Nations League B
Ireland,1699,2024-11-17,England,0,5,Ireland 0 - 5 England,European Nations League B
Ireland,1699,2025-03-20,Bulgaria,2,1,Ireland 2 - 1 Bulgaria,European Nations League B/C Play-off
Ireland,1699,2025-03-23,Bulgaria,2,1,Ireland 2 - 1 Bulgaria,European Nations League B/C Play-off
Ireland,1699,2025-06-06,Senegal,1,1,Ireland 1 - 1 Senegal,Friendly
Ireland,1699,2025-06-10,Luxembourg,0,0,Ireland 0 - 0 Luxembourg,Friendly
Ireland,1699,2025-09-06,Hungary,2,2,Ireland 2 - 2 Hungary,World Cup qualifier
Ireland,1699,2025-09-09,Armenia,1,2,Ireland 1 - 2 Armenia,World Cup qualifier
Ireland,1699,2025-10-11,Portugal,0,1,Ireland 0 - 1 Portugal,World Cup qualifier
Ireland,1699,2025-10-14,Armenia,1,0,Ireland 1 - 0 Armenia,World Cup qualifier
Ireland,1699,2025-11-13,Portugal,2,0,Ireland 2 - 0 Portugal,World Cup qualifier
Ireland,1699,2025-11-16,Hungary,3,2,Ireland 3 - 2 Hungary,World Cup qualifier
Ireland,1699,2026-03-26,Czechia,2,2,Ireland 2 - 2 Czechia,World Cup qualifier
Ireland,1699,2026-03-31,North Macedonia,0,0,Ireland 0 - 0 North Macedonia,Friendly
Ireland,1699,2026-05-16,Grenada,5,0,Ireland 5 - 0 Grenada,Friendly
Ireland,1699,2026-05-28,Qatar,1,0,Ireland 1 - 0 Qatar,Friendly
Ireland,1699,2026-06-05,Canada,1,1,Ireland 1 - 1 Canada,Friendly
Egypt,1696,2025-09-09,Burkina Faso,0,0,Egypt 0 - 0 Burkina Faso,World Cup qualifier
Egypt,1696,2025-10-08,Djibouti,3,0,Egypt 3 - 0 Djibouti,World Cup qualifier
Egypt,1696,2025-10-12,Guinea-Bissau,1,0,Egypt 1 - 0 Guinea-Bissau,World Cup qualifier
Egypt,1696,2025-11-14,Uzbekistan,0,2,Egypt 0 - 2 Uzbekistan,Friendly tournament
Egypt,1696,2025-11-17,Cape Verde,1,1,Egypt 1 - 1 Cape Verde,Friendly tournament
Egypt,1696,2025-12-02,Kuwait,1,1,Egypt 1 - 1 Kuwait,Arab Cup
Egypt,1696,2025-12-06,United Arab Emirates,1,1,Egypt 1 - 1 United Arab Emirates,Arab Cup
Egypt,1696,2025-12-09,Jordan,0,3,Egypt 0 - 3 Jordan,Arab Cup
Egypt,1696,2025-12-16,Nigeria,2,1,Egypt 2 - 1 Nigeria,Friendly
Egypt,1696,2025-12-22,Zimbabwe,2,1,Egypt 2 - 1 Zimbabwe,African Nations Cup
Egypt,1696,2025-12-26,South Africa,1,0,Egypt 1 - 0 South Africa,African Nations Cup
Egypt,1696,2025-12-29,Angola,0,0,Egypt 0 - 0 Angola,African Nations Cup
Egypt,1696,2026-01-05,Benin,3,1,Egypt 3 - 1 Benin,African Nations Cup
Egypt,1696,2026-01-10,Ivory Coast,3,2,Egypt 3 - 2 Ivory Coast,African Nations Cup
Egypt,1696,2026-01-14,Senegal,0,1,Egypt 0 - 1 Senegal,African Nations Cup
Egypt,1696,2026-01-17,Nigeria,0,0,Egypt 0 - 0 Nigeria,African Nations Cup
Egypt,1696,2026-03-27,Saudi Arabia,4,0,Egypt 4 - 0 Saudi Arabia,Friendly
Egypt,1696,2026-03-31,Spain,0,0,Egypt 0 - 0 Spain,Friendly
Egypt,1696,2026-05-28,Russia,1,0,Egypt 1 - 0 Russia,Friendly
Egypt,1696,2026-06-06,Brazil,1,2,Egypt 1 - 2 Brazil,Friendly
Ivory Coast,1695,2024-11-15,Zambia,0,1,Ivory Coast 0 - 1 Zambia,African Nations Cup qualifier
Ivory Coast,1695,2024-11-19,Chad,4,0,Ivory Coast 4 - 0 Chad,African Nations Cup qualifier
Ivory Coast,1695,2025-03-21,Burundi,1,0,Ivory Coast 1 - 0 Burundi,World Cup qualifier
Ivory Coast,1695,2025-03-24,Gambia,1,0,Ivory Coast 1 - 0 Gambia,World Cup qualifier
Ivory Coast,1695,2025-06-07,New Zealand,0,1,Ivory Coast 0 - 1 New Zealand,Canadian Shield
Ivory Coast,1695,2025-06-10,Canada,0,0,Ivory Coast 0 - 0 Canada,Canadian Shield
Ivory Coast,1695,2025-09-05,Burundi,1,0,Ivory Coast 1 - 0 Burundi,World Cup qualifier
Ivory Coast,1695,2025-09-09,Gabon,0,0,Ivory Coast 0 - 0 Gabon,World Cup qualifier
Ivory Coast,1695,2025-10-10,Seychelles,7,0,Ivory Coast 7 - 0 Seychelles,World Cup qualifier
Ivory Coast,1695,2025-10-14,Kenya,3,0,Ivory Coast 3 - 0 Kenya,World Cup qualifier
Ivory Coast,1695,2025-11-14,Saudi Arabia,0,1,Ivory Coast 0 - 1 Saudi Arabia,Friendly
Ivory Coast,1695,2025-11-18,Oman,2,0,Ivory Coast 2 - 0 Oman,Friendly
Ivory Coast,1695,2025-12-24,Mozambique,1,0,Ivory Coast 1 - 0 Mozambique,African Nations Cup
Ivory Coast,1695,2025-12-28,Cameroon,1,1,Ivory Coast 1 - 1 Cameroon,African Nations Cup
Ivory Coast,1695,2025-12-31,Gabon,3,2,Ivory Coast 3 - 2 Gabon,African Nations Cup
Ivory Coast,1695,2026-01-06,Burkina Faso,3,0,Ivory Coast 3 - 0 Burkina Faso,African Nations Cup
Ivory Coast,1695,2026-01-10,Egypt,2,3,Ivory Coast 2 - 3 Egypt,African Nations Cup
Ivory Coast,1695,2026-03-28,South Korea,4,0,Ivory Coast 4 - 0 South Korea,Friendly
Ivory Coast,1695,2026-03-31,Scotland,1,0,Ivory Coast 1 - 0 Scotland,Friendly
Ivory Coast,1695,2026-06-04,France,2,1,Ivory Coast 2 - 1 France,Friendly
Wales,1682,2024-09-06,Turkey,0,0,Wales 0 - 0 Turkey,European Nations League B
Wales,1682,2024-09-09,Montenegro,2,1,Wales 2 - 1 Montenegro,European Nations League B
Wales,1682,2024-10-11,Iceland,2,2,Wales 2 - 2 Iceland,European Nations League B
Wales,1682,2024-10-14,Montenegro,1,0,Wales 1 - 0 Montenegro,European Nations League B
Wales,1682,2024-11-16,Turkey,0,0,Wales 0 - 0 Turkey,European Nations League B
Wales,1682,2024-11-19,Iceland,4,1,Wales 4 - 1 Iceland,European Nations League B
Wales,1682,2025-03-22,Kazakhstan,3,1,Wales 3 - 1 Kazakhstan,World Cup qualifier
Wales,1682,2025-03-25,North Macedonia,1,1,Wales 1 - 1 North Macedonia,World Cup qualifier
Wales,1682,2025-06-06,Liechtenstein,3,0,Wales 3 - 0 Liechtenstein,World Cup qualifier
Wales,1682,2025-06-09,Belgium,3,4,Wales 3 - 4 Belgium,World Cup qualifier
Wales,1682,2025-09-04,Kazakhstan,1,0,Wales 1 - 0 Kazakhstan,World Cup qualifier
Wales,1682,2025-09-09,Canada,0,1,Wales 0 - 1 Canada,Friendly
Wales,1682,2025-10-09,England,0,3,Wales 0 - 3 England,Friendly
Wales,1682,2025-10-13,Belgium,2,4,Wales 2 - 4 Belgium,World Cup qualifier
Wales,1682,2025-11-15,Liechtenstein,1,0,Wales 1 - 0 Liechtenstein,World Cup qualifier
Wales,1682,2025-11-18,North Macedonia,7,1,Wales 7 - 1 North Macedonia,World Cup qualifier
Wales,1682,2026-03-26,Bosnia and Herzegovina,1,1,Wales 1 - 1 Bosnia and Herzegovina,World Cup qualifier
Wales,1682,2026-03-31,Northern Ireland,1,1,Wales 1 - 1 Northern Ireland,Friendly
Wales,1682,2026-06-02,Ghana,1,1,Wales 1 - 1 Ghana,Friendly
Wales,1682,2026-06-06,Romania,1,2,Wales 1 - 2 Romania,Friendly
Slovenia,1682,2024-09-06,Austria,1,1,Slovenia 1 - 1 Austria,European Nations League B
Slovenia,1682,2024-09-09,Kazakhstan,3,0,Slovenia 3 - 0 Kazakhstan,European Nations League B
Slovenia,1682,2024-10-10,Norway,0,3,Slovenia 0 - 3 Norway,European Nations League B
Slovenia,1682,2024-10-13,Kazakhstan,1,0,Slovenia 1 - 0 Kazakhstan,European Nations League B
Slovenia,1682,2024-11-14,Norway,1,4,Slovenia 1 - 4 Norway,European Nations League B
Slovenia,1682,2024-11-17,Austria,1,1,Slovenia 1 - 1 Austria,European Nations League B
Slovenia,1682,2025-03-20,Slovakia,0,0,Slovenia 0 - 0 Slovakia,European Nations League B/C Play-off
Slovenia,1682,2025-03-23,Slovakia,1,0,Slovenia 1 - 0 Slovakia,European Nations League B/C Play-off
Slovenia,1682,2025-06-06,Luxembourg,1,0,Slovenia 1 - 0 Luxembourg,Friendly
Slovenia,1682,2025-06-10,Bosnia and Herzegovina,2,1,Slovenia 2 - 1 Bosnia and Herzegovina,Friendly
Slovenia,1682,2025-09-05,Sweden,2,2,Slovenia 2 - 2 Sweden,World Cup qualifier
Slovenia,1682,2025-09-08,Switzerland,0,3,Slovenia 0 - 3 Switzerland,World Cup qualifier
Slovenia,1682,2025-10-10,Kosovo,0,0,Slovenia 0 - 0 Kosovo,World Cup qualifier
Slovenia,1682,2025-10-13,Switzerland,0,0,Slovenia 0 - 0 Switzerland,World Cup qualifier
Slovenia,1682,2025-11-15,Kosovo,0,2,Slovenia 0 - 2 Kosovo,World Cup qualifier
Slovenia,1682,2025-11-18,Sweden,1,1,Slovenia 1 - 1 Sweden,World Cup qualifier
Slovenia,1682,2026-03-28,Hungary,0,1,Slovenia 0 - 1 Hungary,Friendly
Slovenia,1682,2026-03-31,Montenegro,3,2,Slovenia 3 - 2 Montenegro,Friendly
Slovenia,1682,2026-06-04,Cyprus,1,1,Slovenia 1 - 1 Cyprus,Friendly
Slovenia,1682,2026-06-07,Croatia,1,2,Slovenia 1 - 2 Croatia,Friendly
Jordan,1680,2025-03-25,South Korea,1,1,Jordan 1 - 1 South Korea,World Cup qualifier
Jordan,1680,2025-05-30,Saudi Arabia,0,2,Jordan 0 - 2 Saudi Arabia,Friendly
Jordan,1680,2025-06-05,Oman,3,0,Jordan 3 - 0 Oman,World Cup qualifier
Jordan,1680,2025-06-10,Iraq,0,1,Jordan 0 - 1 Iraq,World Cup qualifier
Jordan,1680,2025-09-04,Russia,0,0,Jordan 0 - 0 Russia,Friendly
Jordan,1680,2025-09-09,Dominican Republic,3,0,Jordan 3 - 0 Dominican Republic,Friendly
Jordan,1680,2025-10-10,Bolivia,0,1,Jordan 0 - 1 Bolivia,Friendly
Jordan,1680,2025-10-14,Albania,2,4,Jordan 2 - 4 Albania,Friendly
Jordan,1680,2025-11-14,Tunisia,2,3,Jordan 2 - 3 Tunisia,Friendly
Jordan,1680,2025-11-18,Mali,0,0,Jordan 0 - 0 Mali,Friendly
Jordan,1680,2025-12-03,United Arab Emirates,2,1,Jordan 2 - 1 United Arab Emirates,Arab Cup
Jordan,1680,2025-12-06,Kuwait,3,1,Jordan 3 - 1 Kuwait,Arab Cup
Jordan,1680,2025-12-09,Egypt,3,0,Jordan 3 - 0 Egypt,Arab Cup
Jordan,1680,2025-12-12,Iraq,1,0,Jordan 1 - 0 Iraq,Arab Cup
Jordan,1680,2025-12-15,Saudi Arabia,1,0,Jordan 1 - 0 Saudi Arabia,Arab Cup
Jordan,1680,2025-12-18,Morocco,2,3,Jordan 2 - 3 Morocco,Arab Cup
Jordan,1680,2026-03-27,Costa Rica,2,2,Jordan 2 - 2 Costa Rica,Al-Nashama Tournament
Jordan,1680,2026-03-31,Nigeria,2,2,Jordan 2 - 2 Nigeria,Al-Nashama Tournament
Jordan,1680,2026-05-31,Switzerland,1,4,Jordan 1 - 4 Switzerland,Friendly
Jordan,1680,2026-06-07,Colombia,0,2,Jordan 0 - 2 Colombia,Friendly
Slovakia,1667,2024-09-05,Estonia,1,0,Slovakia 1 - 0 Estonia,European Nations League C
Slovakia,1667,2024-09-08,Azerbaijan,2,0,Slovakia 2 - 0 Azerbaijan,European Nations League C
Slovakia,1667,2024-10-11,Sweden,2,2,Slovakia 2 - 2 Sweden,European Nations League C
Slovakia,1667,2024-10-14,Azerbaijan,3,1,Slovakia 3 - 1 Azerbaijan,European Nations League C
Slovakia,1667,2024-11-16,Sweden,1,2,Slovakia 1 - 2 Sweden,European Nations League C
Slovakia,1667,2024-11-19,Estonia,1,0,Slovakia 1 - 0 Estonia,European Nations League C
Slovakia,1667,2025-03-20,Slovenia,0,0,Slovakia 0 - 0 Slovenia,European Nations League B/C Play-off
Slovakia,1667,2025-03-23,Slovenia,0,1,Slovakia 0 - 1 Slovenia,European Nations League B/C Play-off
Slovakia,1667,2025-06-07,Greece,1,4,Slovakia 1 - 4 Greece,Friendly
Slovakia,1667,2025-06-10,Israel,0,1,Slovakia 0 - 1 Israel,Friendly
Slovakia,1667,2025-09-04,Germany,2,0,Slovakia 2 - 0 Germany,World Cup qualifier
Slovakia,1667,2025-09-07,Luxembourg,1,0,Slovakia 1 - 0 Luxembourg,World Cup qualifier
Slovakia,1667,2025-10-10,Northern Ireland,0,2,Slovakia 0 - 2 Northern Ireland,World Cup qualifier
Slovakia,1667,2025-10-13,Luxembourg,2,0,Slovakia 2 - 0 Luxembourg,World Cup qualifier
Slovakia,1667,2025-11-14,Northern Ireland,1,0,Slovakia 1 - 0 Northern Ireland,World Cup qualifier
Slovakia,1667,2025-11-17,Germany,0,6,Slovakia 0 - 6 Germany,World Cup qualifier
Slovakia,1667,2026-03-26,Kosovo,3,4,Slovakia 3 - 4 Kosovo,World Cup qualifier
Slovakia,1667,2026-03-31,Romania,2,0,Slovakia 2 - 0 Romania,Friendly
Slovakia,1667,2026-06-01,Malta,2,1,Slovakia 2 - 1 Malta,Friendly
Slovakia,1667,2026-06-05,Montenegro,2,2,Slovakia 2 - 2 Montenegro,Friendly
Georgia,1654,2024-09-07,Czechia,4,1,Georgia 4 - 1 Czechia,European Nations League B
Georgia,1654,2024-09-10,Albania,1,0,Georgia 1 - 0 Albania,European Nations League B
Georgia,1654,2024-10-11,Ukraine,0,1,Georgia 0 - 1 Ukraine,European Nations League B
Georgia,1654,2024-10-14,Albania,0,1,Georgia 0 - 1 Albania,European Nations League B
Georgia,1654,2024-11-16,Ukraine,1,1,Georgia 1 - 1 Ukraine,European Nations League B
Georgia,1654,2024-11-19,Czechia,1,2,Georgia 1 - 2 Czechia,European Nations League B
Georgia,1654,2025-03-20,Armenia,3,0,Georgia 3 - 0 Armenia,European Nations League B/C Play-off
Georgia,1654,2025-03-23,Armenia,6,1,Georgia 6 - 1 Armenia,European Nations League B/C Play-off
Georgia,1654,2025-06-05,Faroe Islands,1,0,Georgia 1 - 0 Faroe Islands,Friendly
Georgia,1654,2025-06-08,Cape Verde,1,1,Georgia 1 - 1 Cape Verde,Friendly
Georgia,1654,2025-09-04,Turkey,2,3,Georgia 2 - 3 Turkey,World Cup qualifier
Georgia,1654,2025-09-07,Bulgaria,3,0,Georgia 3 - 0 Bulgaria,World Cup qualifier
Georgia,1654,2025-10-11,Spain,0,2,Georgia 0 - 2 Spain,World Cup qualifier
Georgia,1654,2025-10-14,Turkey,1,4,Georgia 1 - 4 Turkey,World Cup qualifier
Georgia,1654,2025-11-15,Spain,0,4,Georgia 0 - 4 Spain,World Cup qualifier
Georgia,1654,2025-11-18,Bulgaria,1,2,Georgia 1 - 2 Bulgaria,World Cup qualifier
Georgia,1654,2026-03-26,Israel,2,2,Georgia 2 - 2 Israel,Friendly
Georgia,1654,2026-03-29,Lithuania,2,0,Georgia 2 - 0 Lithuania,Friendly
Georgia,1654,2026-06-02,Romania,1,1,Georgia 1 - 1 Romania,Friendly
Georgia,1654,2026-06-05,Bahrain,2,0,Georgia 2 - 0 Bahrain,Friendly
DR Congo,1652,2024-11-19,Ethiopia,1,2,DR Congo 1 - 2 Ethiopia,African Nations Cup qualifier
DR Congo,1652,2025-03-21,South Sudan,1,0,DR Congo 1 - 0 South Sudan,World Cup qualifier
DR Congo,1652,2025-03-25,Mauritania,2,0,DR Congo 2 - 0 Mauritania,World Cup qualifier
DR Congo,1652,2025-06-05,Mali,1,0,DR Congo 1 - 0 Mali,Friendly
DR Congo,1652,2025-06-08,Madagascar,3,1,DR Congo 3 - 1 Madagascar,Friendly
DR Congo,1652,2025-09-05,South Sudan,4,1,DR Congo 4 - 1 South Sudan,World Cup qualifier
DR Congo,1652,2025-09-09,Senegal,2,3,DR Congo 2 - 3 Senegal,World Cup qualifier
DR Congo,1652,2025-10-10,Togo,1,0,DR Congo 1 - 0 Togo,World Cup qualifier
DR Congo,1652,2025-10-14,Sudan,1,0,DR Congo 1 - 0 Sudan,World Cup qualifier
DR Congo,1652,2025-11-13,Cameroon,1,0,DR Congo 1 - 0 Cameroon,World Cup qualifier
DR Congo,1652,2025-11-16,Nigeria,1,1,DR Congo 1 - 1 Nigeria,World Cup qualifier
DR Congo,1652,2025-12-16,Zambia,2,0,DR Congo 2 - 0 Zambia,Friendly
DR Congo,1652,2025-12-23,Benin,1,0,DR Congo 1 - 0 Benin,African Nations Cup
DR Congo,1652,2025-12-27,Senegal,1,1,DR Congo 1 - 1 Senegal,African Nations Cup
DR Congo,1652,2025-12-30,Botswana,3,0,DR Congo 3 - 0 Botswana,African Nations Cup
DR Congo,1652,2026-01-06,Algeria,0,1,DR Congo 0 - 1 Algeria,African Nations Cup
DR Congo,1652,2026-03-25,Bermuda,2,0,DR Congo 2 - 0 Bermuda,Friendly
DR Congo,1652,2026-03-31,Jamaica,1,0,DR Congo 1 - 0 Jamaica,World Cup qualifier
DR Congo,1652,2026-06-03,Denmark,0,0,DR Congo 0 - 0 Denmark,Friendly
DR Congo,1652,2026-06-09,Chile,1,2,DR Congo 1 - 2 Chile,Friendly
Israel,1647,2024-06-08,Hungary,0,3,Israel 0 - 3 Hungary,Friendly
Israel,1647,2024-06-11,Belarus,4,0,Israel 4 - 0 Belarus,Friendly
Israel,1647,2024-09-06,Belgium,1,3,Israel 1 - 3 Belgium,European Nations League A
Israel,1647,2024-09-09,Italy,1,2,Israel 1 - 2 Italy,European Nations League A
Israel,1647,2024-10-10,France,1,4,Israel 1 - 4 France,European Nations League A
Israel,1647,2024-10-14,Italy,1,4,Israel 1 - 4 Italy,European Nations League A
Israel,1647,2024-11-14,France,0,0,Israel 0 - 0 France,European Nations League A
Israel,1647,2024-11-17,Belgium,1,0,Israel 1 - 0 Belgium,European Nations League A
Israel,1647,2025-03-22,Estonia,2,1,Israel 2 - 1 Estonia,World Cup qualifier
Israel,1647,2025-03-25,Norway,2,4,Israel 2 - 4 Norway,World Cup qualifier
Israel,1647,2025-06-06,Estonia,3,1,Israel 3 - 1 Estonia,World Cup qualifier
Israel,1647,2025-06-10,Slovakia,1,0,Israel 1 - 0 Slovakia,Friendly
Israel,1647,2025-09-05,Moldova,4,0,Israel 4 - 0 Moldova,World Cup qualifier
Israel,1647,2025-09-08,Italy,4,5,Israel 4 - 5 Italy,World Cup qualifier
Israel,1647,2025-10-11,Norway,0,5,Israel 0 - 5 Norway,World Cup qualifier
Israel,1647,2025-10-14,Italy,0,3,Israel 0 - 3 Italy,World Cup qualifier
Israel,1647,2025-11-13,Lithuania,0,0,Israel 0 - 0 Lithuania,Friendly
Israel,1647,2025-11-16,Moldova,4,1,Israel 4 - 1 Moldova,World Cup qualifier
Israel,1647,2026-03-26,Georgia,2,2,Israel 2 - 2 Georgia,Friendly
Israel,1647,2026-06-03,Albania,1,0,Israel 1 - 0 Albania,Friendly
Romania,1639,2024-09-06,Kosovo,3,0,Romania 3 - 0 Kosovo,European Nations League C
Romania,1639,2024-09-09,Lithuania,3,1,Romania 3 - 1 Lithuania,European Nations League C
Romania,1639,2024-10-12,Cyprus,3,0,Romania 3 - 0 Cyprus,European Nations League C
Romania,1639,2024-10-15,Lithuania,2,1,Romania 2 - 1 Lithuania,European Nations League C
Romania,1639,2024-11-15,Kosovo,0,0,Romania 0 - 0 Kosovo,European Nations League C
Romania,1639,2024-11-18,Cyprus,4,1,Romania 4 - 1 Cyprus,European Nations League C
Romania,1639,2025-03-21,Bosnia and Herzegovina,0,1,Romania 0 - 1 Bosnia and Herzegovina,World Cup qualifier
Romania,1639,2025-03-24,San Marino,5,1,Romania 5 - 1 San Marino,World Cup qualifier
Romania,1639,2025-06-07,Austria,1,2,Romania 1 - 2 Austria,World Cup qualifier
Romania,1639,2025-06-10,Cyprus,2,0,Romania 2 - 0 Cyprus,World Cup qualifier
Romania,1639,2025-09-05,Canada,0,3,Romania 0 - 3 Canada,Friendly
Romania,1639,2025-09-09,Cyprus,2,2,Romania 2 - 2 Cyprus,World Cup qualifier
Romania,1639,2025-10-09,Moldova,2,1,Romania 2 - 1 Moldova,Friendly
Romania,1639,2025-10-12,Austria,1,0,Romania 1 - 0 Austria,World Cup qualifier
Romania,1639,2025-11-15,Bosnia and Herzegovina,1,3,Romania 1 - 3 Bosnia and Herzegovina,World Cup qualifier
Romania,1639,2025-11-18,San Marino,7,1,Romania 7 - 1 San Marino,World Cup qualifier
Romania,1639,2026-03-26,Turkey,0,1,Romania 0 - 1 Turkey,World Cup qualifier
Romania,1639,2026-03-31,Slovakia,0,2,Romania 0 - 2 Slovakia,Friendly
Romania,1639,2026-06-02,Georgia,1,1,Romania 1 - 1 Georgia,Friendly
Romania,1639,2026-06-06,Wales,2,1,Romania 2 - 1 Wales,Friendly
Tunisia,1628,2025-06-06,Morocco,0,2,Tunisia 0 - 2 Morocco,Friendly
Tunisia,1628,2025-09-04,Liberia,3,0,Tunisia 3 - 0 Liberia,World Cup qualifier
Tunisia,1628,2025-09-08,Equatorial Guinea,1,0,Tunisia 1 - 0 Equatorial Guinea,World Cup qualifier
Tunisia,1628,2025-10-10,Sao Tome and Principe,6,0,Tunisia 6 - 0 Sao Tome and Principe,World Cup qualifier
Tunisia,1628,2025-10-13,Namibia,3,0,Tunisia 3 - 0 Namibia,World Cup qualifier
Tunisia,1628,2025-11-12,Mauritania,1,1,Tunisia 1 - 1 Mauritania,Friendly
Tunisia,1628,2025-11-14,Jordan,3,2,Tunisia 3 - 2 Jordan,Friendly
Tunisia,1628,2025-11-18,Brazil,1,1,Tunisia 1 - 1 Brazil,Friendly
Tunisia,1628,2025-12-01,Syria,0,1,Tunisia 0 - 1 Syria,Arab Cup
Tunisia,1628,2025-12-04,Palestine,2,2,Tunisia 2 - 2 Palestine,Arab Cup
Tunisia,1628,2025-12-07,Qatar,3,0,Tunisia 3 - 0 Qatar,Arab Cup
Tunisia,1628,2025-12-18,Botswana,2,1,Tunisia 2 - 1 Botswana,Friendly
Tunisia,1628,2025-12-23,Uganda,3,1,Tunisia 3 - 1 Uganda,African Nations Cup
Tunisia,1628,2025-12-27,Nigeria,2,3,Tunisia 2 - 3 Nigeria,African Nations Cup
Tunisia,1628,2025-12-30,Tanzania,1,1,Tunisia 1 - 1 Tanzania,African Nations Cup
Tunisia,1628,2026-01-03,Mali,1,1,Tunisia 1 - 1 Mali,African Nations Cup
Tunisia,1628,2026-03-28,Haiti,1,0,Tunisia 1 - 0 Haiti,Friendly tournament
Tunisia,1628,2026-03-31,Canada,0,0,Tunisia 0 - 0 Canada,Friendly tournament
Tunisia,1628,2026-06-01,Austria,0,1,Tunisia 0 - 1 Austria,Friendly
Tunisia,1628,2026-06-06,Belgium,0,5,Tunisia 0 - 5 Belgium,Friendly
Bolivia,1621,2024-11-14,Ecuador,0,4,Bolivia 0 - 4 Ecuador,World Cup qualifier
Bolivia,1621,2024-11-19,Paraguay,2,2,Bolivia 2 - 2 Paraguay,World Cup qualifier
Bolivia,1621,2025-03-20,Peru,1,3,Bolivia 1 - 3 Peru,World Cup qualifier
Bolivia,1621,2025-03-25,Uruguay,0,0,Bolivia 0 - 0 Uruguay,World Cup qualifier
Bolivia,1621,2025-06-06,Venezuela,0,2,Bolivia 0 - 2 Venezuela,World Cup qualifier
Bolivia,1621,2025-06-10,Chile,2,0,Bolivia 2 - 0 Chile,World Cup qualifier
Bolivia,1621,2025-09-04,Colombia,0,3,Bolivia 0 - 3 Colombia,World Cup qualifier
Bolivia,1621,2025-09-09,Brazil,1,0,Bolivia 1 - 0 Brazil,World Cup qualifier
Bolivia,1621,2025-10-10,Jordan,1,0,Bolivia 1 - 0 Jordan,Friendly
Bolivia,1621,2025-10-14,Russia,0,3,Bolivia 0 - 3 Russia,Friendly
Bolivia,1621,2025-11-14,South Korea,0,2,Bolivia 0 - 2 South Korea,Friendly
Bolivia,1621,2025-11-18,Japan,0,3,Bolivia 0 - 3 Japan,Friendly
Bolivia,1621,2025-12-21,Peru,0,2,Bolivia 0 - 2 Peru,Friendly
Bolivia,1621,2026-01-18,Panama,1,1,Bolivia 1 - 1 Panama,Friendly
Bolivia,1621,2026-01-25,Mexico,0,1,Bolivia 0 - 1 Mexico,Friendly
Bolivia,1621,2026-03-15,Trinidad and Tobago,3,0,Bolivia 3 - 0 Trinidad and Tobago,Friendly
Bolivia,1621,2026-03-26,Suriname,2,1,Bolivia 2 - 1 Suriname,World Cup qualifier
Bolivia,1621,2026-03-31,Iraq,1,2,Bolivia 1 - 2 Iraq,World Cup qualifier
Bolivia,1621,2026-06-06,Scotland,0,4,Bolivia 0 - 4 Scotland,Friendly
Bolivia,1621,2026-06-10,Algeria,0,4,Bolivia 0 - 4 Algeria,Friendly
Bosnia and Herzegovina,1616,2024-09-10,Hungary,0,0,Bosnia and Herzegovina 0 - 0 Hungary,European Nations League A
Bosnia and Herzegovina,1616,2024-10-11,Germany,1,2,Bosnia and Herzegovina 1 - 2 Germany,European Nations League A
Bosnia and Herzegovina,1616,2024-10-14,Hungary,0,2,Bosnia and Herzegovina 0 - 2 Hungary,European Nations League A
Bosnia and Herzegovina,1616,2024-11-16,Germany,0,7,Bosnia and Herzegovina 0 - 7 Germany,European Nations League A
Bosnia and Herzegovina,1616,2024-11-19,Netherlands,1,1,Bosnia and Herzegovina 1 - 1 Netherlands,European Nations League A
Bosnia and Herzegovina,1616,2025-03-21,Romania,1,0,Bosnia and Herzegovina 1 - 0 Romania,World Cup qualifier
Bosnia and Herzegovina,1616,2025-03-24,Cyprus,2,1,Bosnia and Herzegovina 2 - 1 Cyprus,World Cup qualifier
Bosnia and Herzegovina,1616,2025-06-07,San Marino,1,0,Bosnia and Herzegovina 1 - 0 San Marino,World Cup qualifier
Bosnia and Herzegovina,1616,2025-06-10,Slovenia,1,2,Bosnia and Herzegovina 1 - 2 Slovenia,Friendly
Bosnia and Herzegovina,1616,2025-09-06,San Marino,6,0,Bosnia and Herzegovina 6 - 0 San Marino,World Cup qualifier
Bosnia and Herzegovina,1616,2025-09-09,Austria,1,2,Bosnia and Herzegovina 1 - 2 Austria,World Cup qualifier
Bosnia and Herzegovina,1616,2025-10-09,Cyprus,2,2,Bosnia and Herzegovina 2 - 2 Cyprus,World Cup qualifier
Bosnia and Herzegovina,1616,2025-10-12,Malta,4,1,Bosnia and Herzegovina 4 - 1 Malta,Friendly
Bosnia and Herzegovina,1616,2025-11-15,Romania,3,1,Bosnia and Herzegovina 3 - 1 Romania,World Cup qualifier
Bosnia and Herzegovina,1616,2025-11-18,Austria,1,1,Bosnia and Herzegovina 1 - 1 Austria,World Cup qualifier
Bosnia and Herzegovina,1616,2026-03-26,Wales,1,1,Bosnia and Herzegovina 1 - 1 Wales,World Cup qualifier
Bosnia and Herzegovina,1616,2026-03-31,Italy,1,1,Bosnia and Herzegovina 1 - 1 Italy,World Cup qualifier
Bosnia and Herzegovina,1616,2026-05-29,North Macedonia,0,0,Bosnia and Herzegovina 0 - 0 North Macedonia,Friendly
Bosnia and Herzegovina,1616,2026-06-06,Panama,1,1,Bosnia and Herzegovina 1 - 1 Panama,Friendly
Bosnia and Herzegovina,1616,2026-06-12,Canada,1,1,Bosnia and Herzegovina 1 - 1 Canada,World Cup
Albania,1616,2024-09-07,Ukraine,2,1,Albania 2 - 1 Ukraine,European Nations League B
Albania,1616,2024-09-10,Georgia,0,1,Albania 0 - 1 Georgia,European Nations League B
Albania,1616,2024-10-11,Czechia,0,2,Albania 0 - 2 Czechia,European Nations League B
Albania,1616,2024-10-14,Georgia,1,0,Albania 1 - 0 Georgia,European Nations League B
Albania,1616,2024-11-16,Czechia,0,0,Albania 0 - 0 Czechia,European Nations League B
Albania,1616,2024-11-19,Ukraine,1,2,Albania 1 - 2 Ukraine,European Nations League B
Albania,1616,2025-03-21,England,0,2,Albania 0 - 2 England,World Cup qualifier
Albania,1616,2025-03-24,Andorra,3,0,Albania 3 - 0 Andorra,World Cup qualifier
Albania,1616,2025-06-07,Serbia,0,0,Albania 0 - 0 Serbia,World Cup qualifier
Albania,1616,2025-06-10,Latvia,1,1,Albania 1 - 1 Latvia,World Cup qualifier
Albania,1616,2025-09-04,Gibraltar,1,0,Albania 1 - 0 Gibraltar,Friendly
Albania,1616,2025-09-09,Latvia,1,0,Albania 1 - 0 Latvia,World Cup qualifier
Albania,1616,2025-10-11,Serbia,1,0,Albania 1 - 0 Serbia,World Cup qualifier
Albania,1616,2025-10-14,Jordan,4,2,Albania 4 - 2 Jordan,Friendly
Albania,1616,2025-11-13,Andorra,1,0,Albania 1 - 0 Andorra,World Cup qualifier
Albania,1616,2025-11-16,England,0,2,Albania 0 - 2 England,World Cup qualifier
Albania,1616,2026-03-26,Poland,1,2,Albania 1 - 2 Poland,World Cup qualifier
Albania,1616,2026-03-31,Ukraine,0,1,Albania 0 - 1 Ukraine,Friendly
Albania,1616,2026-06-03,Israel,0,1,Albania 0 - 1 Israel,Friendly
Albania,1616,2026-06-06,Luxembourg,0,1,Albania 0 - 1 Luxembourg,Friendly
Cameroon,1614,2024-10-11,Kenya,4,1,Cameroon 4 - 1 Kenya,African Nations Cup qualifier
Cameroon,1614,2024-10-14,Kenya,1,0,Cameroon 1 - 0 Kenya,African Nations Cup qualifier
Cameroon,1614,2024-11-13,Namibia,0,0,Cameroon 0 - 0 Namibia,African Nations Cup qualifier
Cameroon,1614,2024-11-19,Zimbabwe,2,1,Cameroon 2 - 1 Zimbabwe,African Nations Cup qualifier
Cameroon,1614,2025-03-19,Eswatini,0,0,Cameroon 0 - 0 Eswatini,World Cup qualifier
Cameroon,1614,2025-03-25,Libya,3,1,Cameroon 3 - 1 Libya,World Cup qualifier
Cameroon,1614,2025-06-06,Uganda,3,0,Cameroon 3 - 0 Uganda,Friendly
Cameroon,1614,2025-06-09,Equatorial Guinea,1,1,Cameroon 1 - 1 Equatorial Guinea,Friendly
Cameroon,1614,2025-09-04,Eswatini,3,0,Cameroon 3 - 0 Eswatini,World Cup qualifier
Cameroon,1614,2025-09-09,Cape Verde,0,1,Cameroon 0 - 1 Cape Verde,World Cup qualifier
Cameroon,1614,2025-10-08,Mauritius,2,0,Cameroon 2 - 0 Mauritius,World Cup qualifier
Cameroon,1614,2025-10-13,Angola,0,0,Cameroon 0 - 0 Angola,World Cup qualifier
Cameroon,1614,2025-11-13,DR Congo,0,1,Cameroon 0 - 1 DR Congo,World Cup qualifier
Cameroon,1614,2025-12-24,Gabon,1,0,Cameroon 1 - 0 Gabon,African Nations Cup
Cameroon,1614,2025-12-28,Ivory Coast,1,1,Cameroon 1 - 1 Ivory Coast,African Nations Cup
Cameroon,1614,2025-12-31,Mozambique,2,1,Cameroon 2 - 1 Mozambique,African Nations Cup
Cameroon,1614,2026-01-04,South Africa,2,1,Cameroon 2 - 1 South Africa,African Nations Cup
Cameroon,1614,2026-01-09,Morocco,0,2,Cameroon 0 - 2 Morocco,African Nations Cup
Cameroon,1614,2026-03-27,Australia,0,1,Cameroon 0 - 1 Australia,FIFA Series
Cameroon,1614,2026-03-31,China,2,0,Cameroon 2 - 0 China,FIFA Series
Costa Rica,1608,2024-11-18,Panama,2,2,Costa Rica 2 - 2 Panama,CONCACAF Nations League
Costa Rica,1608,2025-01-22,United States,0,3,Costa Rica 0 - 3 United States,Friendly
Costa Rica,1608,2025-03-21,Belize,7,0,Costa Rica 7 - 0 Belize,CONCACAF Championship qualifier
Costa Rica,1608,2025-03-25,Belize,6,1,Costa Rica 6 - 1 Belize,CONCACAF Championship qualifier
Costa Rica,1608,2025-06-07,Bahamas,8,0,Costa Rica 8 - 0 Bahamas,World Cup qualifier
Costa Rica,1608,2025-06-10,Trinidad and Tobago,2,1,Costa Rica 2 - 1 Trinidad and Tobago,World Cup qualifier
Costa Rica,1608,2025-06-15,Suriname,4,3,Costa Rica 4 - 3 Suriname,CONCACAF Championship
Costa Rica,1608,2025-06-18,Dominican Republic,2,1,Costa Rica 2 - 1 Dominican Republic,CONCACAF Championship
Costa Rica,1608,2025-06-22,Mexico,0,0,Costa Rica 0 - 0 Mexico,CONCACAF Championship
Costa Rica,1608,2025-06-29,United States,2,2,Costa Rica 2 - 2 United States,CONCACAF Championship
Costa Rica,1608,2025-09-05,Nicaragua,1,1,Costa Rica 1 - 1 Nicaragua,World Cup qualifier
Costa Rica,1608,2025-09-09,Haiti,3,3,Costa Rica 3 - 3 Haiti,World Cup qualifier
Costa Rica,1608,2025-10-09,Honduras,0,0,Costa Rica 0 - 0 Honduras,World Cup qualifier
Costa Rica,1608,2025-10-13,Nicaragua,4,1,Costa Rica 4 - 1 Nicaragua,World Cup qualifier
Costa Rica,1608,2025-11-13,Haiti,0,1,Costa Rica 0 - 1 Haiti,World Cup qualifier
Costa Rica,1608,2025-11-18,Honduras,0,0,Costa Rica 0 - 0 Honduras,World Cup qualifier
Costa Rica,1608,2026-03-27,Jordan,2,2,Costa Rica 2 - 2 Jordan,Al-Nashama Tournament
Costa Rica,1608,2026-03-31,Iran,0,5,Costa Rica 0 - 5 Iran,Al-Nashama Tournament
Costa Rica,1608,2026-06-01,Colombia,1,3,Costa Rica 1 - 3 Colombia,Friendly
Costa Rica,1608,2026-06-10,England,0,3,Costa Rica 0 - 3 England,Friendly
Iraq,1607,2024-12-25,Bahrain,0,2,Iraq 0 - 2 Bahrain,Gulf Cup
Iraq,1607,2024-12-28,Saudi Arabia,1,3,Iraq 1 - 3 Saudi Arabia,Gulf Cup
Iraq,1607,2025-03-20,Kuwait,2,2,Iraq 2 - 2 Kuwait,World Cup qualifier
Iraq,1607,2025-03-25,Palestine,1,2,Iraq 1 - 2 Palestine,World Cup qualifier
Iraq,1607,2025-06-05,South Korea,0,2,Iraq 0 - 2 South Korea,World Cup qualifier
Iraq,1607,2025-06-10,Jordan,1,0,Iraq 1 - 0 Jordan,World Cup qualifier
Iraq,1607,2025-09-04,Hong Kong,2,1,Iraq 2 - 1 Hong Kong,King's Cup
Iraq,1607,2025-09-07,Thailand,1,0,Iraq 1 - 0 Thailand,King's Cup
Iraq,1607,2025-10-11,Indonesia,1,0,Iraq 1 - 0 Indonesia,World Cup qualifier
Iraq,1607,2025-10-14,Saudi Arabia,0,0,Iraq 0 - 0 Saudi Arabia,World Cup qualifier
Iraq,1607,2025-11-13,United Arab Emirates,1,1,Iraq 1 - 1 United Arab Emirates,World Cup qualifier
Iraq,1607,2025-11-18,United Arab Emirates,2,1,Iraq 2 - 1 United Arab Emirates,World Cup qualifier
Iraq,1607,2025-12-03,Bahrain,2,1,Iraq 2 - 1 Bahrain,Arab Cup
Iraq,1607,2025-12-06,Sudan,2,0,Iraq 2 - 0 Sudan,Arab Cup
Iraq,1607,2025-12-09,Algeria,0,2,Iraq 0 - 2 Algeria,Arab Cup
Iraq,1607,2025-12-12,Jordan,0,1,Iraq 0 - 1 Jordan,Arab Cup
Iraq,1607,2026-03-31,Bolivia,2,1,Iraq 2 - 1 Bolivia,World Cup qualifier
Iraq,1607,2026-05-29,Andorra,1,0,Iraq 1 - 0 Andorra,Friendly
Iraq,1607,2026-06-04,Spain,1,1,Iraq 1 - 1 Spain,Friendly
Iraq,1607,2026-06-09,Venezuela,0,2,Iraq 0 - 2 Venezuela,Friendly
Northern Ireland,1605,2024-09-05,Luxembourg,2,0,Northern Ireland 2 - 0 Luxembourg,European Nations League C
Northern Ireland,1605,2024-09-08,Bulgaria,0,1,Northern Ireland 0 - 1 Bulgaria,European Nations League C
Northern Ireland,1605,2024-10-12,Belarus,0,0,Northern Ireland 0 - 0 Belarus,European Nations League C
Northern Ireland,1605,2024-10-15,Bulgaria,5,0,Northern Ireland 5 - 0 Bulgaria,European Nations League C
Northern Ireland,1605,2024-11-15,Belarus,2,0,Northern Ireland 2 - 0 Belarus,European Nations League C
Northern Ireland,1605,2024-11-18,Luxembourg,2,2,Northern Ireland 2 - 2 Luxembourg,European Nations League C
Northern Ireland,1605,2025-03-21,Switzerland,1,1,Northern Ireland 1 - 1 Switzerland,Friendly
Northern Ireland,1605,2025-03-25,Sweden,1,5,Northern Ireland 1 - 5 Sweden,Friendly
Northern Ireland,1605,2025-06-07,Denmark,1,2,Northern Ireland 1 - 2 Denmark,Friendly
Northern Ireland,1605,2025-06-10,Iceland,1,0,Northern Ireland 1 - 0 Iceland,Friendly
Northern Ireland,1605,2025-09-04,Luxembourg,3,1,Northern Ireland 3 - 1 Luxembourg,World Cup qualifier
Northern Ireland,1605,2025-09-07,Germany,1,3,Northern Ireland 1 - 3 Germany,World Cup qualifier
Northern Ireland,1605,2025-10-10,Slovakia,2,0,Northern Ireland 2 - 0 Slovakia,World Cup qualifier
Northern Ireland,1605,2025-10-13,Germany,0,1,Northern Ireland 0 - 1 Germany,World Cup qualifier
Northern Ireland,1605,2025-11-14,Slovakia,0,1,Northern Ireland 0 - 1 Slovakia,World Cup qualifier
Northern Ireland,1605,2025-11-17,Luxembourg,1,0,Northern Ireland 1 - 0 Luxembourg,World Cup qualifier
Northern Ireland,1605,2026-03-26,Italy,0,2,Northern Ireland 0 - 2 Italy,World Cup qualifier
Northern Ireland,1605,2026-03-31,Wales,1,1,Northern Ireland 1 - 1 Wales,Friendly
Northern Ireland,1605,2026-06-04,Guinea,1,0,Northern Ireland 1 - 0 Guinea,Friendly
Northern Ireland,1605,2026-06-08,France,1,3,Northern Ireland 1 - 3 France,Friendly
North Macedonia,1589,2024-09-07,Faroe Islands,1,1,North Macedonia 1 - 1 Faroe Islands,European Nations League C
North Macedonia,1589,2024-09-10,Armenia,2,0,North Macedonia 2 - 0 Armenia,European Nations League C
North Macedonia,1589,2024-10-10,Latvia,3,0,North Macedonia 3 - 0 Latvia,European Nations League C
North Macedonia,1589,2024-10-13,Armenia,2,0,North Macedonia 2 - 0 Armenia,European Nations League C
North Macedonia,1589,2024-11-14,Latvia,1,0,North Macedonia 1 - 0 Latvia,European Nations League C
North Macedonia,1589,2024-11-17,Faroe Islands,1,0,North Macedonia 1 - 0 Faroe Islands,European Nations League C
North Macedonia,1589,2025-03-22,Liechtenstein,3,0,North Macedonia 3 - 0 Liechtenstein,World Cup qualifier
North Macedonia,1589,2025-03-25,Wales,1,1,North Macedonia 1 - 1 Wales,World Cup qualifier
North Macedonia,1589,2025-06-06,Belgium,1,1,North Macedonia 1 - 1 Belgium,World Cup qualifier
North Macedonia,1589,2025-06-09,Kazakhstan,1,0,North Macedonia 1 - 0 Kazakhstan,World Cup qualifier
North Macedonia,1589,2025-09-04,Saudi Arabia,1,2,North Macedonia 1 - 2 Saudi Arabia,Friendly
North Macedonia,1589,2025-09-07,Liechtenstein,5,0,North Macedonia 5 - 0 Liechtenstein,World Cup qualifier
North Macedonia,1589,2025-10-10,Belgium,0,0,North Macedonia 0 - 0 Belgium,World Cup qualifier
North Macedonia,1589,2025-10-13,Kazakhstan,1,1,North Macedonia 1 - 1 Kazakhstan,World Cup qualifier
North Macedonia,1589,2025-11-13,Latvia,0,0,North Macedonia 0 - 0 Latvia,Friendly
North Macedonia,1589,2025-11-18,Wales,1,7,North Macedonia 1 - 7 Wales,World Cup qualifier
North Macedonia,1589,2026-03-26,Denmark,0,4,North Macedonia 0 - 4 Denmark,World Cup qualifier
North Macedonia,1589,2026-03-31,Ireland,0,0,North Macedonia 0 - 0 Ireland,Friendly
North Macedonia,1589,2026-05-29,Bosnia and Herzegovina,0,0,North Macedonia 0 - 0 Bosnia and Herzegovina,Friendly
North Macedonia,1589,2026-06-01,Turkey,0,4,North Macedonia 0 - 4 Turkey,Friendly
Mali,1588,2024-09-10,Eswatini,1,0,Mali 1 - 0 Eswatini,African Nations Cup qualifier
Mali,1588,2024-10-11,Guinea-Bissau,1,0,Mali 1 - 0 Guinea-Bissau,African Nations Cup qualifier
Mali,1588,2024-10-15,Guinea-Bissau,0,0,Mali 0 - 0 Guinea-Bissau,African Nations Cup qualifier
Mali,1588,2024-11-15,Mozambique,1,0,Mali 1 - 0 Mozambique,African Nations Cup qualifier
Mali,1588,2024-11-19,Eswatini,6,0,Mali 6 - 0 Eswatini,African Nations Cup qualifier
Mali,1588,2025-03-20,Comoros,3,0,Mali 3 - 0 Comoros,World Cup qualifier
Mali,1588,2025-03-24,Central African Republic,0,0,Mali 0 - 0 Central African Republic,World Cup qualifier
Mali,1588,2025-06-05,DR Congo,0,1,Mali 0 - 1 DR Congo,Friendly
Mali,1588,2025-09-04,Comoros,3,0,Mali 3 - 0 Comoros,World Cup qualifier
Mali,1588,2025-09-08,Ghana,0,1,Mali 0 - 1 Ghana,World Cup qualifier
Mali,1588,2025-10-08,Chad,2,0,Mali 2 - 0 Chad,World Cup qualifier
Mali,1588,2025-10-12,Madagascar,4,1,Mali 4 - 1 Madagascar,World Cup qualifier
Mali,1588,2025-11-18,Jordan,0,0,Mali 0 - 0 Jordan,Friendly
Mali,1588,2025-12-22,Zambia,1,1,Mali 1 - 1 Zambia,African Nations Cup
Mali,1588,2025-12-26,Morocco,1,1,Mali 1 - 1 Morocco,African Nations Cup
Mali,1588,2025-12-29,Comoros,0,0,Mali 0 - 0 Comoros,African Nations Cup
Mali,1588,2026-01-03,Tunisia,1,1,Mali 1 - 1 Tunisia,African Nations Cup
Mali,1588,2026-01-09,Senegal,0,1,Mali 0 - 1 Senegal,African Nations Cup
Mali,1588,2026-03-31,Russia,0,0,Mali 0 - 0 Russia,Friendly
Mali,1588,2026-06-04,Iran,0,2,Mali 0 - 2 Iran,Friendly
Cape Verde,1578,2024-09-10,Mauritania,2,0,Cape Verde 2 - 0 Mauritania,African Nations Cup qualifier
Cape Verde,1578,2024-10-10,Botswana,0,1,Cape Verde 0 - 1 Botswana,African Nations Cup qualifier
Cape Verde,1578,2024-10-15,Botswana,0,1,Cape Verde 0 - 1 Botswana,African Nations Cup qualifier
Cape Verde,1578,2024-11-15,Egypt,1,1,Cape Verde 1 - 1 Egypt,African Nations Cup qualifier
Cape Verde,1578,2024-11-19,Mauritania,0,1,Cape Verde 0 - 1 Mauritania,African Nations Cup qualifier
Cape Verde,1578,2025-03-20,Mauritius,1,0,Cape Verde 1 - 0 Mauritius,World Cup qualifier
Cape Verde,1578,2025-03-25,Angola,2,1,Cape Verde 2 - 1 Angola,World Cup qualifier
Cape Verde,1578,2025-05-29,Malaysia,1,1,Cape Verde 1 - 1 Malaysia,Friendly
Cape Verde,1578,2025-06-03,Malaysia,3,0,Cape Verde 3 - 0 Malaysia,Friendly
Cape Verde,1578,2025-06-08,Georgia,1,1,Cape Verde 1 - 1 Georgia,Friendly
Cape Verde,1578,2025-09-04,Mauritius,2,0,Cape Verde 2 - 0 Mauritius,World Cup qualifier
Cape Verde,1578,2025-09-09,Cameroon,1,0,Cape Verde 1 - 0 Cameroon,World Cup qualifier
Cape Verde,1578,2025-10-08,Libya,3,3,Cape Verde 3 - 3 Libya,World Cup qualifier
Cape Verde,1578,2025-10-13,Eswatini,3,0,Cape Verde 3 - 0 Eswatini,World Cup qualifier
Cape Verde,1578,2025-11-13,Iran,0,0,Cape Verde 0 - 0 Iran,Friendly tournament
Cape Verde,1578,2025-11-17,Egypt,1,1,Cape Verde 1 - 1 Egypt,Friendly tournament
Cape Verde,1578,2026-03-27,Chile,2,4,Cape Verde 2 - 4 Chile,FIFA Series
Cape Verde,1578,2026-03-30,Finland,1,1,Cape Verde 1 - 1 Finland,FIFA Series
Cape Verde,1578,2026-05-31,Serbia,3,0,Cape Verde 3 - 0 Serbia,Friendly
Cape Verde,1578,2026-06-06,Bermuda,3,0,Cape Verde 3 - 0 Bermuda,Friendly
Saudi Arabia,1576,2025-06-19,United States,0,1,Saudi Arabia 0 - 1 United States,CONCACAF Championship
Saudi Arabia,1576,2025-06-22,Trinidad and Tobago,1,1,Saudi Arabia 1 - 1 Trinidad and Tobago,CONCACAF Championship
Saudi Arabia,1576,2025-06-28,Mexico,0,2,Saudi Arabia 0 - 2 Mexico,CONCACAF Championship
Saudi Arabia,1576,2025-09-04,North Macedonia,2,1,Saudi Arabia 2 - 1 North Macedonia,Friendly
Saudi Arabia,1576,2025-09-08,Czechia,1,1,Saudi Arabia 1 - 1 Czechia,Friendly
Saudi Arabia,1576,2025-10-08,Indonesia,3,2,Saudi Arabia 3 - 2 Indonesia,World Cup qualifier
Saudi Arabia,1576,2025-10-14,Iraq,0,0,Saudi Arabia 0 - 0 Iraq,World Cup qualifier
Saudi Arabia,1576,2025-11-14,Ivory Coast,1,0,Saudi Arabia 1 - 0 Ivory Coast,Friendly
Saudi Arabia,1576,2025-11-18,Algeria,0,2,Saudi Arabia 0 - 2 Algeria,Friendly
Saudi Arabia,1576,2025-12-02,Oman,2,1,Saudi Arabia 2 - 1 Oman,Arab Cup
Saudi Arabia,1576,2025-12-05,Comoros,3,1,Saudi Arabia 3 - 1 Comoros,Arab Cup
Saudi Arabia,1576,2025-12-08,Morocco,0,1,Saudi Arabia 0 - 1 Morocco,Arab Cup
Saudi Arabia,1576,2025-12-11,Palestine,2,1,Saudi Arabia 2 - 1 Palestine,Arab Cup
Saudi Arabia,1576,2025-12-15,Jordan,0,1,Saudi Arabia 0 - 1 Jordan,Arab Cup
Saudi Arabia,1576,2025-12-18,United Arab Emirates,0,0,Saudi Arabia 0 - 0 United Arab Emirates,Arab Cup
Saudi Arabia,1576,2026-03-27,Egypt,0,4,Saudi Arabia 0 - 4 Egypt,Friendly
Saudi Arabia,1576,2026-03-31,Serbia,1,2,Saudi Arabia 1 - 2 Serbia,Friendly
Saudi Arabia,1576,2026-05-30,Ecuador,1,2,Saudi Arabia 1 - 2 Ecuador,Friendly
Saudi Arabia,1576,2026-06-05,Puerto Rico,3,0,Saudi Arabia 3 - 0 Puerto Rico,Friendly
Saudi Arabia,1576,2026-06-09,Senegal,0,0,Saudi Arabia 0 - 0 Senegal,Friendly
Honduras,1570,2024-11-15,Mexico,2,0,Honduras 2 - 0 Mexico,CONCACAF Nations League
Honduras,1570,2024-11-19,Mexico,0,4,Honduras 0 - 4 Mexico,CONCACAF Nations League
Honduras,1570,2025-03-16,Guatemala,1,2,Honduras 1 - 2 Guatemala,Friendly
Honduras,1570,2025-03-21,Bermuda,5,3,Honduras 5 - 3 Bermuda,CONCACAF Championship qualifier
Honduras,1570,2025-03-25,Bermuda,2,0,Honduras 2 - 0 Bermuda,CONCACAF Championship qualifier
Honduras,1570,2025-06-07,Cayman Islands,1,0,Honduras 1 - 0 Cayman Islands,World Cup qualifier
Honduras,1570,2025-06-10,Antigua and Barbuda,2,0,Honduras 2 - 0 Antigua and Barbuda,World Cup qualifier
Honduras,1570,2025-06-17,Canada,0,6,Honduras 0 - 6 Canada,CONCACAF Championship
Honduras,1570,2025-06-21,El Salvador,2,0,Honduras 2 - 0 El Salvador,CONCACAF Championship
Honduras,1570,2025-06-24,Curaçao,2,1,Honduras 2 - 1 Curaçao,CONCACAF Championship
Honduras,1570,2025-06-28,Panama,1,1,Honduras 1 - 1 Panama,CONCACAF Championship
Honduras,1570,2025-07-02,Mexico,0,1,Honduras 0 - 1 Mexico,CONCACAF Championship
Honduras,1570,2025-09-05,Haiti,0,0,Honduras 0 - 0 Haiti,World Cup qualifier
Honduras,1570,2025-09-09,Nicaragua,2,0,Honduras 2 - 0 Nicaragua,World Cup qualifier
Honduras,1570,2025-10-09,Costa Rica,0,0,Honduras 0 - 0 Costa Rica,World Cup qualifier
Honduras,1570,2025-10-13,Haiti,3,0,Honduras 3 - 0 Haiti,World Cup qualifier
Honduras,1570,2025-11-13,Nicaragua,0,2,Honduras 0 - 2 Nicaragua,World Cup qualifier
Honduras,1570,2025-11-18,Costa Rica,0,0,Honduras 0 - 0 Costa Rica,World Cup qualifier
Honduras,1570,2026-03-31,Peru,2,2,Honduras 2 - 2 Peru,Friendly
Honduras,1570,2026-06-06,Argentina,0,2,Honduras 0 - 2 Argentina,Friendly
Iceland,1568,2024-09-09,Turkey,1,3,Iceland 1 - 3 Turkey,European Nations League B
Iceland,1568,2024-10-11,Wales,2,2,Iceland 2 - 2 Wales,European Nations League B
Iceland,1568,2024-10-14,Turkey,2,4,Iceland 2 - 4 Turkey,European Nations League B
Iceland,1568,2024-11-16,Montenegro,2,0,Iceland 2 - 0 Montenegro,European Nations League B
Iceland,1568,2024-11-19,Wales,1,4,Iceland 1 - 4 Wales,European Nations League B
Iceland,1568,2025-03-20,Kosovo,1,2,Iceland 1 - 2 Kosovo,European Nations League B/C Play-off
Iceland,1568,2025-03-23,Kosovo,1,3,Iceland 1 - 3 Kosovo,European Nations League B/C Play-off
Iceland,1568,2025-06-06,Scotland,3,1,Iceland 3 - 1 Scotland,Friendly
Iceland,1568,2025-06-10,Northern Ireland,0,1,Iceland 0 - 1 Northern Ireland,Friendly
Iceland,1568,2025-09-05,Azerbaijan,5,0,Iceland 5 - 0 Azerbaijan,World Cup qualifier
Iceland,1568,2025-09-09,France,1,2,Iceland 1 - 2 France,World Cup qualifier
Iceland,1568,2025-10-10,Ukraine,3,5,Iceland 3 - 5 Ukraine,World Cup qualifier
Iceland,1568,2025-10-13,France,2,2,Iceland 2 - 2 France,World Cup qualifier
Iceland,1568,2025-11-13,Azerbaijan,2,0,Iceland 2 - 0 Azerbaijan,World Cup qualifier
Iceland,1568,2025-11-16,Ukraine,0,2,Iceland 0 - 2 Ukraine,World Cup qualifier
Iceland,1568,2026-02-25,Mexico,0,4,Iceland 0 - 4 Mexico,Friendly
Iceland,1568,2026-03-28,Canada,2,2,Iceland 2 - 2 Canada,Friendly tournament
Iceland,1568,2026-03-31,Haiti,1,1,Iceland 1 - 1 Haiti,Friendly tournament
Iceland,1568,2026-05-31,Japan,0,1,Iceland 0 - 1 Japan,Friendly
Iceland,1568,2026-06-09,Argentina,0,3,Iceland 0 - 3 Argentina,Friendly
New Zealand,1562,2024-09-07,Mexico,0,3,New Zealand 0 - 3 Mexico,Friendly
New Zealand,1562,2024-09-10,United States,1,1,New Zealand 1 - 1 United States,Friendly
New Zealand,1562,2024-10-11,Tahiti,3,0,New Zealand 3 - 0 Tahiti,World Cup qualifier
New Zealand,1562,2024-10-14,Malaysia,4,0,New Zealand 4 - 0 Malaysia,Friendly
New Zealand,1562,2024-11-15,Vanuatu,8,1,New Zealand 8 - 1 Vanuatu,World Cup qualifier
New Zealand,1562,2024-11-18,Samoa,8,0,New Zealand 8 - 0 Samoa,World Cup qualifier
New Zealand,1562,2025-03-21,Fiji,7,0,New Zealand 7 - 0 Fiji,World Cup qualifier
New Zealand,1562,2025-03-24,New Caledonia,3,0,New Zealand 3 - 0 New Caledonia,World Cup qualifier
New Zealand,1562,2025-06-07,Ivory Coast,1,0,New Zealand 1 - 0 Ivory Coast,Canadian Shield
New Zealand,1562,2025-06-10,Ukraine,1,2,New Zealand 1 - 2 Ukraine,Canadian Shield
New Zealand,1562,2025-09-05,Australia,0,1,New Zealand 0 - 1 Australia,Friendly
New Zealand,1562,2025-09-09,Australia,1,3,New Zealand 1 - 3 Australia,Friendly
New Zealand,1562,2025-10-09,Poland,0,1,New Zealand 0 - 1 Poland,Friendly
New Zealand,1562,2025-10-14,Norway,1,1,New Zealand 1 - 1 Norway,Friendly
New Zealand,1562,2025-11-15,Colombia,1,2,New Zealand 1 - 2 Colombia,Friendly
New Zealand,1562,2025-11-18,Ecuador,0,2,New Zealand 0 - 2 Ecuador,Friendly
New Zealand,1562,2026-03-27,Finland,0,2,New Zealand 0 - 2 Finland,FIFA Series
New Zealand,1562,2026-03-30,Chile,4,1,New Zealand 4 - 1 Chile,FIFA Series
New Zealand,1562,2026-06-02,Haiti,0,4,New Zealand 0 - 4 Haiti,Friendly
New Zealand,1562,2026-06-06,England,0,1,New Zealand 0 - 1 England,Friendly
Haiti,1548,2024-10-11,Aruba,3,1,Haiti 3 - 1 Aruba,CONCACAF Nations League B
Haiti,1548,2024-10-14,Aruba,5,3,Haiti 5 - 3 Aruba,CONCACAF Nations League B
Haiti,1548,2024-11-15,Sint Maarten,8,0,Haiti 8 - 0 Sint Maarten,CONCACAF Nations League B
Haiti,1548,2024-11-18,Puerto Rico,3,0,Haiti 3 - 0 Puerto Rico,CONCACAF Nations League B
Haiti,1548,2025-03-22,Azerbaijan,3,0,Haiti 3 - 0 Azerbaijan,Friendly
Haiti,1548,2025-06-07,Aruba,5,0,Haiti 5 - 0 Aruba,World Cup qualifier
Haiti,1548,2025-06-10,Curaçao,1,5,Haiti 1 - 5 Curaçao,World Cup qualifier
Haiti,1548,2025-06-15,Saudi Arabia,0,1,Haiti 0 - 1 Saudi Arabia,CONCACAF Championship
Haiti,1548,2025-06-19,Trinidad and Tobago,1,1,Haiti 1 - 1 Trinidad and Tobago,CONCACAF Championship
Haiti,1548,2025-06-22,United States,1,2,Haiti 1 - 2 United States,CONCACAF Championship
Haiti,1548,2025-09-05,Honduras,0,0,Haiti 0 - 0 Honduras,World Cup qualifier
Haiti,1548,2025-09-09,Costa Rica,3,3,Haiti 3 - 3 Costa Rica,World Cup qualifier
Haiti,1548,2025-10-09,Nicaragua,3,0,Haiti 3 - 0 Nicaragua,World Cup qualifier
Haiti,1548,2025-10-13,Honduras,0,3,Haiti 0 - 3 Honduras,World Cup qualifier
Haiti,1548,2025-11-13,Costa Rica,1,0,Haiti 1 - 0 Costa Rica,World Cup qualifier
Haiti,1548,2025-11-18,Nicaragua,2,0,Haiti 2 - 0 Nicaragua,World Cup qualifier
Haiti,1548,2026-03-28,Tunisia,0,1,Haiti 0 - 1 Tunisia,Friendly tournament
Haiti,1548,2026-03-31,Iceland,1,1,Haiti 1 - 1 Iceland,Friendly tournament
Haiti,1548,2026-06-02,New Zealand,4,0,Haiti 4 - 0 New Zealand,Friendly
Haiti,1548,2026-06-05,Peru,1,2,Haiti 1 - 2 Peru,Friendly
Angola,1542,2024-11-18,Sudan,0,0,Angola 0 - 0 Sudan,African Nations Cup qualifier
Angola,1542,2025-03-20,Libya,1,1,Angola 1 - 1 Libya,World Cup qualifier
Angola,1542,2025-03-25,Cape Verde,1,2,Angola 1 - 2 Cape Verde,World Cup qualifier
Angola,1542,2025-06-05,Namibia,1,1,Angola 1 - 1 Namibia,COSAFA Cup
Angola,1542,2025-06-08,Lesotho,4,0,Angola 4 - 0 Lesotho,COSAFA Cup
Angola,1542,2025-06-10,Malawi,1,0,Angola 1 - 0 Malawi,COSAFA Cup
Angola,1542,2025-06-13,Madagascar,4,1,Angola 4 - 1 Madagascar,COSAFA Cup
Angola,1542,2025-06-15,South Africa,3,0,Angola 3 - 0 South Africa,COSAFA Cup
Angola,1542,2025-09-04,Libya,0,1,Angola 0 - 1 Libya,World Cup qualifier
Angola,1542,2025-09-09,Mauritius,3,1,Angola 3 - 1 Mauritius,World Cup qualifier
Angola,1542,2025-10-08,Eswatini,2,2,Angola 2 - 2 Eswatini,World Cup qualifier
Angola,1542,2025-10-13,Cameroon,0,0,Angola 0 - 0 Cameroon,World Cup qualifier
Angola,1542,2025-11-14,Argentina,0,2,Angola 0 - 2 Argentina,Friendly
Angola,1542,2025-11-18,Zambia,3,2,Angola 3 - 2 Zambia,Friendly
Angola,1542,2025-12-17,Mozambique,4,1,Angola 4 - 1 Mozambique,Friendly
Angola,1542,2025-12-22,South Africa,1,2,Angola 1 - 2 South Africa,African Nations Cup
Angola,1542,2025-12-26,Zimbabwe,1,1,Angola 1 - 1 Zimbabwe,African Nations Cup
Angola,1542,2025-12-29,Egypt,0,0,Angola 0 - 0 Egypt,African Nations Cup
Angola,1542,2026-06-05,Mauritania,1,1,Angola 1 - 1 Mauritania,Friendly
Angola,1542,2026-06-09,Central African Republic,3,0,Angola 3 - 0 Central African Republic,Friendly
United Arab Emirates,1540,2024-11-19,Qatar,5,0,United Arab Emirates 5 - 0 Qatar,World Cup qualifier
United Arab Emirates,1540,2024-12-21,Qatar,1,1,United Arab Emirates 1 - 1 Qatar,Gulf Cup
United Arab Emirates,1540,2024-12-24,Kuwait,1,2,United Arab Emirates 1 - 2 Kuwait,Gulf Cup
United Arab Emirates,1540,2024-12-27,Oman,1,1,United Arab Emirates 1 - 1 Oman,Gulf Cup
United Arab Emirates,1540,2025-03-20,Iran,0,2,United Arab Emirates 0 - 2 Iran,World Cup qualifier
United Arab Emirates,1540,2025-03-25,North Korea,2,1,United Arab Emirates 2 - 1 North Korea,World Cup qualifier
United Arab Emirates,1540,2025-06-05,Uzbekistan,0,0,United Arab Emirates 0 - 0 Uzbekistan,World Cup qualifier
United Arab Emirates,1540,2025-06-10,Kyrgyzstan,1,1,United Arab Emirates 1 - 1 Kyrgyzstan,World Cup qualifier
United Arab Emirates,1540,2025-09-04,Syria,3,1,United Arab Emirates 3 - 1 Syria,Friendly
United Arab Emirates,1540,2025-09-08,Bahrain,1,0,United Arab Emirates 1 - 0 Bahrain,Friendly
United Arab Emirates,1540,2025-10-11,Oman,2,1,United Arab Emirates 2 - 1 Oman,World Cup qualifier
United Arab Emirates,1540,2025-10-14,Qatar,1,2,United Arab Emirates 1 - 2 Qatar,World Cup qualifier
United Arab Emirates,1540,2025-11-13,Iraq,1,1,United Arab Emirates 1 - 1 Iraq,World Cup qualifier
United Arab Emirates,1540,2025-11-18,Iraq,1,2,United Arab Emirates 1 - 2 Iraq,World Cup qualifier
United Arab Emirates,1540,2025-12-03,Jordan,1,2,United Arab Emirates 1 - 2 Jordan,Arab Cup
United Arab Emirates,1540,2025-12-06,Egypt,1,1,United Arab Emirates 1 - 1 Egypt,Arab Cup
United Arab Emirates,1540,2025-12-09,Kuwait,3,1,United Arab Emirates 3 - 1 Kuwait,Arab Cup
United Arab Emirates,1540,2025-12-12,Algeria,1,1,United Arab Emirates 1 - 1 Algeria,Arab Cup
United Arab Emirates,1540,2025-12-15,Morocco,0,3,United Arab Emirates 0 - 3 Morocco,Arab Cup
United Arab Emirates,1540,2025-12-18,Saudi Arabia,0,0,United Arab Emirates 0 - 0 Saudi Arabia,Arab Cup
Finland,1536,2024-09-07,Greece,0,3,Finland 0 - 3 Greece,European Nations League B
Finland,1536,2024-09-10,England,0,2,Finland 0 - 2 England,European Nations League B
Finland,1536,2024-10-10,Ireland,1,2,Finland 1 - 2 Ireland,European Nations League B
Finland,1536,2024-10-13,England,1,3,Finland 1 - 3 England,European Nations League B
Finland,1536,2024-11-14,Ireland,0,1,Finland 0 - 1 Ireland,European Nations League B
Finland,1536,2024-11-17,Greece,0,2,Finland 0 - 2 Greece,European Nations League B
Finland,1536,2025-03-21,Malta,1,0,Finland 1 - 0 Malta,World Cup qualifier
Finland,1536,2025-03-24,Lithuania,2,2,Finland 2 - 2 Lithuania,World Cup qualifier
Finland,1536,2025-06-07,Netherlands,0,2,Finland 0 - 2 Netherlands,World Cup qualifier
Finland,1536,2025-06-10,Poland,2,1,Finland 2 - 1 Poland,World Cup qualifier
Finland,1536,2025-09-04,Norway,0,1,Finland 0 - 1 Norway,Friendly
Finland,1536,2025-09-07,Poland,1,3,Finland 1 - 3 Poland,World Cup qualifier
Finland,1536,2025-10-09,Lithuania,2,1,Finland 2 - 1 Lithuania,World Cup qualifier
Finland,1536,2025-10-12,Netherlands,0,4,Finland 0 - 4 Netherlands,World Cup qualifier
Finland,1536,2025-11-14,Malta,0,1,Finland 0 - 1 Malta,World Cup qualifier
Finland,1536,2025-11-17,Andorra,4,0,Finland 4 - 0 Andorra,Friendly
Finland,1536,2026-03-27,New Zealand,2,0,Finland 2 - 0 New Zealand,FIFA Series
Finland,1536,2026-03-30,Cape Verde,1,1,Finland 1 - 1 Cape Verde,FIFA Series
Finland,1536,2026-05-31,Germany,0,4,Finland 0 - 4 Germany,Friendly
Finland,1536,2026-06-05,Hungary,1,2,Finland 1 - 2 Hungary,Friendly
Burkina Faso,1529,2024-11-14,Senegal,0,1,Burkina Faso 0 - 1 Senegal,African Nations Cup qualifier
Burkina Faso,1529,2024-11-18,Malawi,0,3,Burkina Faso 0 - 3 Malawi,African Nations Cup qualifier
Burkina Faso,1529,2025-03-21,Djibouti,4,1,Burkina Faso 4 - 1 Djibouti,World Cup qualifier
Burkina Faso,1529,2025-03-24,Guinea-Bissau,2,1,Burkina Faso 2 - 1 Guinea-Bissau,World Cup qualifier
Burkina Faso,1529,2025-06-02,Tunisia,0,2,Burkina Faso 0 - 2 Tunisia,Friendly
Burkina Faso,1529,2025-06-06,Zimbabwe,2,0,Burkina Faso 2 - 0 Zimbabwe,Friendly
Burkina Faso,1529,2025-09-05,Djibouti,6,0,Burkina Faso 6 - 0 Djibouti,World Cup qualifier
Burkina Faso,1529,2025-09-09,Egypt,0,0,Burkina Faso 0 - 0 Egypt,World Cup qualifier
Burkina Faso,1529,2025-10-08,Sierra Leone,1,0,Burkina Faso 1 - 0 Sierra Leone,World Cup qualifier
Burkina Faso,1529,2025-10-12,Ethiopia,3,1,Burkina Faso 3 - 1 Ethiopia,World Cup qualifier
Burkina Faso,1529,2025-11-14,Niger,3,2,Burkina Faso 3 - 2 Niger,Friendly
Burkina Faso,1529,2025-11-18,Benin,3,0,Burkina Faso 3 - 0 Benin,Friendly
Burkina Faso,1529,2025-12-24,Equatorial Guinea,2,1,Burkina Faso 2 - 1 Equatorial Guinea,African Nations Cup
Burkina Faso,1529,2025-12-28,Algeria,0,1,Burkina Faso 0 - 1 Algeria,African Nations Cup
Burkina Faso,1529,2025-12-31,Sudan,2,0,Burkina Faso 2 - 0 Sudan,African Nations Cup
Burkina Faso,1529,2026-01-06,Ivory Coast,0,3,Burkina Faso 0 - 3 Ivory Coast,African Nations Cup
Burkina Faso,1529,2026-03-28,Guinea-Bissau,5,0,Burkina Faso 5 - 0 Guinea-Bissau,Friendly
Burkina Faso,1529,2026-03-31,Guinea-Bissau,1,1,Burkina Faso 1 - 1 Guinea-Bissau,Friendly
Burkina Faso,1529,2026-06-05,Russia,0,3,Burkina Faso 0 - 3 Russia,Friendly
Burkina Faso,1529,2026-06-09,Belarus,2,2,Burkina Faso 2 - 2 Belarus,Friendly
Jamaica,1527,2025-05-27,Trinidad and Tobago,3,2,Jamaica 3 - 2 Trinidad and Tobago,Unity Cup
Jamaica,1527,2025-05-31,Nigeria,2,2,Jamaica 2 - 2 Nigeria,Unity Cup
Jamaica,1527,2025-06-07,British Virgin Islands,1,0,Jamaica 1 - 0 British Virgin Islands,World Cup qualifier
Jamaica,1527,2025-06-10,Guatemala,3,0,Jamaica 3 - 0 Guatemala,World Cup qualifier
Jamaica,1527,2025-06-16,Guatemala,0,1,Jamaica 0 - 1 Guatemala,CONCACAF Championship
Jamaica,1527,2025-06-20,Guadeloupe,2,1,Jamaica 2 - 1 Guadeloupe,CONCACAF Championship
Jamaica,1527,2025-06-24,Panama,1,4,Jamaica 1 - 4 Panama,CONCACAF Championship
Jamaica,1527,2025-09-05,Bermuda,4,0,Jamaica 4 - 0 Bermuda,World Cup qualifier
Jamaica,1527,2025-09-09,Trinidad and Tobago,2,0,Jamaica 2 - 0 Trinidad and Tobago,World Cup qualifier
Jamaica,1527,2025-10-10,Curaçao,0,2,Jamaica 0 - 2 Curaçao,World Cup qualifier
Jamaica,1527,2025-10-14,Bermuda,4,0,Jamaica 4 - 0 Bermuda,World Cup qualifier
Jamaica,1527,2025-11-13,Trinidad and Tobago,1,1,Jamaica 1 - 1 Trinidad and Tobago,World Cup qualifier
Jamaica,1527,2025-11-18,Curaçao,0,0,Jamaica 0 - 0 Curaçao,World Cup qualifier
Jamaica,1527,2026-01-18,Grenada,1,0,Jamaica 1 - 0 Grenada,Friendly
Jamaica,1527,2026-02-21,Martinique,2,0,Jamaica 2 - 0 Martinique,Friendly
Jamaica,1527,2026-03-26,New Caledonia,1,0,Jamaica 1 - 0 New Caledonia,World Cup qualifier
Jamaica,1527,2026-03-31,DR Congo,0,1,Jamaica 0 - 1 DR Congo,World Cup qualifier
Jamaica,1527,2026-05-27,India,2,0,Jamaica 2 - 0 India,Unity Cup
Jamaica,1527,2026-05-30,Nigeria,0,3,Jamaica 0 - 3 Nigeria,Unity Cup
Jamaica,1527,2026-06-06,South Africa,1,1,Jamaica 1 - 1 South Africa,Friendly
Belarus,1522,2024-09-05,Bulgaria,0,0,Belarus 0 - 0 Bulgaria,European Nations League C
Belarus,1522,2024-09-08,Luxembourg,1,0,Belarus 1 - 0 Luxembourg,European Nations League C
Belarus,1522,2024-10-12,Northern Ireland,0,0,Belarus 0 - 0 Northern Ireland,European Nations League C
Belarus,1522,2024-10-15,Luxembourg,1,1,Belarus 1 - 1 Luxembourg,European Nations League C
Belarus,1522,2024-11-15,Northern Ireland,0,2,Belarus 0 - 2 Northern Ireland,European Nations League C
Belarus,1522,2024-11-18,Bulgaria,1,1,Belarus 1 - 1 Bulgaria,European Nations League C
Belarus,1522,2025-03-20,Tajikistan,5,0,Belarus 5 - 0 Tajikistan,Friendly
Belarus,1522,2025-03-25,Azerbaijan,2,0,Belarus 2 - 0 Azerbaijan,Friendly
Belarus,1522,2025-06-05,Kazakhstan,4,1,Belarus 4 - 1 Kazakhstan,Friendly
Belarus,1522,2025-06-10,Russia,1,4,Belarus 1 - 4 Russia,Friendly
Belarus,1522,2025-09-05,Greece,1,5,Belarus 1 - 5 Greece,World Cup qualifier
Belarus,1522,2025-09-08,Scotland,0,2,Belarus 0 - 2 Scotland,World Cup qualifier
Belarus,1522,2025-10-09,Denmark,0,6,Belarus 0 - 6 Denmark,World Cup qualifier
Belarus,1522,2025-10-12,Scotland,1,2,Belarus 1 - 2 Scotland,World Cup qualifier
Belarus,1522,2025-11-15,Denmark,2,2,Belarus 2 - 2 Denmark,World Cup qualifier
Belarus,1522,2025-11-18,Greece,0,0,Belarus 0 - 0 Greece,World Cup qualifier
Belarus,1522,2026-03-26,Cyprus,1,0,Belarus 1 - 0 Cyprus,Friendly
Belarus,1522,2026-03-29,Armenia,2,1,Belarus 2 - 1 Armenia,Friendly
Belarus,1522,2026-06-05,Syria,4,1,Belarus 4 - 1 Syria,Friendly
Belarus,1522,2026-06-09,Burkina Faso,2,2,Belarus 2 - 2 Burkina Faso,Friendly
South Africa,1511,2025-06-06,Tanzania,0,0,South Africa 0 - 0 Tanzania,Friendly
South Africa,1511,2025-06-07,Zimbabwe,2,0,South Africa 2 - 0 Zimbabwe,COSAFA Cup
South Africa,1511,2025-06-10,Mozambique,2,0,South Africa 2 - 0 Mozambique,Friendly
South Africa,1511,2025-06-10,Mauritius,0,0,South Africa 0 - 0 Mauritius,COSAFA Cup
South Africa,1511,2025-06-13,Comoros,3,1,South Africa 3 - 1 Comoros,COSAFA Cup
South Africa,1511,2025-06-15,Angola,0,3,South Africa 0 - 3 Angola,COSAFA Cup
South Africa,1511,2025-09-05,Lesotho,3,0,South Africa 3 - 0 Lesotho,World Cup qualifier
South Africa,1511,2025-09-09,Nigeria,1,1,South Africa 1 - 1 Nigeria,World Cup qualifier
South Africa,1511,2025-10-10,Zimbabwe,0,0,South Africa 0 - 0 Zimbabwe,World Cup qualifier
South Africa,1511,2025-10-14,Rwanda,3,0,South Africa 3 - 0 Rwanda,World Cup qualifier
South Africa,1511,2025-11-15,Zambia,3,1,South Africa 3 - 1 Zambia,Friendly
South Africa,1511,2025-12-22,Angola,2,1,South Africa 2 - 1 Angola,African Nations Cup
South Africa,1511,2025-12-26,Egypt,0,1,South Africa 0 - 1 Egypt,African Nations Cup
South Africa,1511,2025-12-29,Zimbabwe,3,2,South Africa 3 - 2 Zimbabwe,African Nations Cup
South Africa,1511,2026-01-04,Cameroon,1,2,South Africa 1 - 2 Cameroon,African Nations Cup
South Africa,1511,2026-03-27,Panama,1,1,South Africa 1 - 1 Panama,Friendly
South Africa,1511,2026-03-31,Panama,1,2,South Africa 1 - 2 Panama,Friendly
South Africa,1511,2026-05-29,Nicaragua,0,0,South Africa 0 - 0 Nicaragua,Friendly
South Africa,1511,2026-06-06,Jamaica,1,1,South Africa 1 - 1 Jamaica,Friendly
South Africa,1511,2026-06-11,Mexico,0,2,South Africa 0 - 2 Mexico,World Cup
Ghana,1510,2024-09-05,Angola,0,1,Ghana 0 - 1 Angola,African Nations Cup qualifier
Ghana,1510,2024-09-09,Niger,1,1,Ghana 1 - 1 Niger,African Nations Cup qualifier
Ghana,1510,2024-10-10,Sudan,0,0,Ghana 0 - 0 Sudan,African Nations Cup qualifier
Ghana,1510,2024-10-15,Sudan,0,2,Ghana 0 - 2 Sudan,African Nations Cup qualifier
Ghana,1510,2024-11-15,Angola,1,1,Ghana 1 - 1 Angola,African Nations Cup qualifier
Ghana,1510,2024-11-18,Niger,1,2,Ghana 1 - 2 Niger,African Nations Cup qualifier
Ghana,1510,2025-03-21,Chad,5,0,Ghana 5 - 0 Chad,World Cup qualifier
Ghana,1510,2025-03-24,Madagascar,3,0,Ghana 3 - 0 Madagascar,World Cup qualifier
Ghana,1510,2025-05-28,Nigeria,1,2,Ghana 1 - 2 Nigeria,Unity Cup
Ghana,1510,2025-05-31,Trinidad and Tobago,4,0,Ghana 4 - 0 Trinidad and Tobago,Unity Cup
Ghana,1510,2025-09-04,Chad,1,1,Ghana 1 - 1 Chad,World Cup qualifier
Ghana,1510,2025-09-08,Mali,1,0,Ghana 1 - 0 Mali,World Cup qualifier
Ghana,1510,2025-10-08,Central African Republic,5,0,Ghana 5 - 0 Central African Republic,World Cup qualifier
Ghana,1510,2025-10-12,Comoros,1,0,Ghana 1 - 0 Comoros,World Cup qualifier
Ghana,1510,2025-11-14,Japan,0,2,Ghana 0 - 2 Japan,Friendly
Ghana,1510,2025-11-18,South Korea,0,1,Ghana 0 - 1 South Korea,Friendly
Ghana,1510,2026-03-27,Austria,1,5,Ghana 1 - 5 Austria,Friendly
Ghana,1510,2026-03-30,Germany,1,2,Ghana 1 - 2 Germany,Friendly
Ghana,1510,2026-05-22,Mexico,0,2,Ghana 0 - 2 Mexico,Friendly
Ghana,1510,2026-06-02,Wales,1,1,Ghana 1 - 1 Wales,Friendly
Guatemala,1504,2025-03-21,Guyana,2,3,Guatemala 2 - 3 Guyana,CONCACAF Championship qualifier
Guatemala,1504,2025-03-25,Guyana,2,0,Guatemala 2 - 0 Guyana,CONCACAF Championship qualifier
Guatemala,1504,2025-05-31,El Salvador,1,1,Guatemala 1 - 1 El Salvador,Friendly
Guatemala,1504,2025-06-06,Dominican Republic,4,2,Guatemala 4 - 2 Dominican Republic,World Cup qualifier
Guatemala,1504,2025-06-10,Jamaica,0,3,Guatemala 0 - 3 Jamaica,World Cup qualifier
Guatemala,1504,2025-06-16,Jamaica,1,0,Guatemala 1 - 0 Jamaica,CONCACAF Championship
Guatemala,1504,2025-06-20,Panama,0,1,Guatemala 0 - 1 Panama,CONCACAF Championship
Guatemala,1504,2025-06-24,Guadeloupe,3,2,Guatemala 3 - 2 Guadeloupe,CONCACAF Championship
Guatemala,1504,2025-06-29,Canada,1,1,Guatemala 1 - 1 Canada,CONCACAF Championship
Guatemala,1504,2025-07-02,United States,1,2,Guatemala 1 - 2 United States,CONCACAF Championship
Guatemala,1504,2025-09-04,El Salvador,0,1,Guatemala 0 - 1 El Salvador,World Cup qualifier
Guatemala,1504,2025-09-08,Panama,1,1,Guatemala 1 - 1 Panama,World Cup qualifier
Guatemala,1504,2025-10-10,Suriname,1,1,Guatemala 1 - 1 Suriname,World Cup qualifier
Guatemala,1504,2025-10-14,El Salvador,1,0,Guatemala 1 - 0 El Salvador,World Cup qualifier
Guatemala,1504,2025-11-13,Panama,2,3,Guatemala 2 - 3 Panama,World Cup qualifier
Guatemala,1504,2025-11-18,Suriname,3,1,Guatemala 3 - 1 Suriname,World Cup qualifier
Guatemala,1504,2026-01-17,Canada,0,1,Guatemala 0 - 1 Canada,Friendly
Guatemala,1504,2026-03-27,Algeria,0,7,Guatemala 0 - 7 Algeria,Friendly
Guatemala,1504,2026-06-04,Czechia,1,3,Guatemala 1 - 3 Czechia,Friendly
Guatemala,1504,2026-06-07,Ecuador,0,3,Guatemala 0 - 3 Ecuador,Friendly
Oman,1480,2025-03-13,Sudan,0,0,Oman 0 - 0 Sudan,Friendly
Oman,1480,2025-03-20,South Korea,1,1,Oman 1 - 1 South Korea,World Cup qualifier
Oman,1480,2025-03-25,Kuwait,1,0,Oman 1 - 0 Kuwait,World Cup qualifier
Oman,1480,2025-05-28,Lebanon,1,0,Oman 1 - 0 Lebanon,Friendly
Oman,1480,2025-06-05,Jordan,0,3,Oman 0 - 3 Jordan,World Cup qualifier
Oman,1480,2025-06-10,Palestine,1,1,Oman 1 - 1 Palestine,World Cup qualifier
Oman,1480,2025-08-30,Uzbekistan,1,1,Oman 1 - 1 Uzbekistan,Central Asian Nations Cup
Oman,1480,2025-09-02,Kyrgyzstan,2,1,Oman 2 - 1 Kyrgyzstan,Central Asian Nations Cup
Oman,1480,2025-09-05,Turkmenistan,2,1,Oman 2 - 1 Turkmenistan,Central Asian Nations Cup
Oman,1480,2025-09-08,India,1,1,Oman 1 - 1 India,Central Asian Nations Cup
Oman,1480,2025-10-08,Qatar,0,0,Oman 0 - 0 Qatar,World Cup qualifier
Oman,1480,2025-10-11,United Arab Emirates,1,2,Oman 1 - 2 United Arab Emirates,World Cup qualifier
Oman,1480,2025-11-14,Sudan,2,0,Oman 2 - 0 Sudan,Friendly
Oman,1480,2025-11-18,Ivory Coast,0,2,Oman 0 - 2 Ivory Coast,Friendly
Oman,1480,2025-11-26,Somalia,0,0,Oman 0 - 0 Somalia,Arab Cup qualifier
Oman,1480,2025-12-02,Saudi Arabia,1,2,Oman 1 - 2 Saudi Arabia,Arab Cup
Oman,1480,2025-12-05,Morocco,0,0,Oman 0 - 0 Morocco,Arab Cup
Oman,1480,2025-12-08,Comoros,2,1,Oman 2 - 1 Comoros,Arab Cup
Oman,1480,2026-06-05,Indonesia,0,3,Oman 0 - 3 Indonesia,Garuda Championship Series
Oman,1480,2026-06-07,Mozambique,4,1,Oman 4 - 1 Mozambique,Garuda Championship Series
Syria,1479,2024-06-11,Japan,0,5,Syria 0 - 5 Japan,World Cup and Asian Cup qualifier
Syria,1479,2024-09-06,Mauritius,2,0,Syria 2 - 0 Mauritius,Intercontinental Cup
Syria,1479,2024-09-09,India,3,0,Syria 3 - 0 India,Intercontinental Cup
Syria,1479,2024-10-11,Tajikistan,1,0,Syria 1 - 0 Tajikistan,King's Cup
Syria,1479,2024-10-14,Thailand,1,2,Syria 1 - 2 Thailand,King's Cup
Syria,1479,2024-11-19,Russia,0,4,Syria 0 - 4 Russia,Friendly
Syria,1479,2025-03-25,Pakistan,2,0,Syria 2 - 0 Pakistan,Asian Cup qualifier
Syria,1479,2025-06-10,Afghanistan,1,0,Syria 1 - 0 Afghanistan,Asian Cup qualifier
Syria,1479,2025-09-04,United Arab Emirates,1,3,Syria 1 - 3 United Arab Emirates,Friendly
Syria,1479,2025-09-08,Kuwait,2,2,Syria 2 - 2 Kuwait,Friendly
Syria,1479,2025-10-09,Myanmar,5,1,Syria 5 - 1 Myanmar,Asian Cup qualifier
Syria,1479,2025-10-14,Myanmar,3,0,Syria 3 - 0 Myanmar,Asian Cup qualifier
Syria,1479,2025-11-18,Pakistan,5,0,Syria 5 - 0 Pakistan,Asian Cup qualifier
Syria,1479,2025-11-25,South Sudan,2,0,Syria 2 - 0 South Sudan,Arab Cup qualifier
Syria,1479,2025-12-01,Tunisia,1,0,Syria 1 - 0 Tunisia,Arab Cup
Syria,1479,2025-12-04,Qatar,1,1,Syria 1 - 1 Qatar,Arab Cup
Syria,1479,2025-12-07,Palestine,0,0,Syria 0 - 0 Palestine,Arab Cup
Syria,1479,2025-12-11,Morocco,0,1,Syria 0 - 1 Morocco,Arab Cup
Syria,1479,2026-03-31,Afghanistan,5,1,Syria 5 - 1 Afghanistan,Asian Cup qualifier
Syria,1479,2026-06-05,Belarus,1,4,Syria 1 - 4 Belarus,Friendly
Palestine,1465,2024-06-06,Lebanon,0,0,Palestine 0 - 0 Lebanon,World Cup and Asian Cup qualifier
Palestine,1465,2024-06-11,Australia,0,5,Palestine 0 - 5 Australia,World Cup and Asian Cup qualifier
Palestine,1465,2024-09-05,South Korea,0,0,Palestine 0 - 0 South Korea,World Cup qualifier
Palestine,1465,2024-09-10,Jordan,1,3,Palestine 1 - 3 Jordan,World Cup qualifier
Palestine,1465,2024-10-10,Iraq,0,1,Palestine 0 - 1 Iraq,World Cup qualifier
Palestine,1465,2024-10-15,Kuwait,2,2,Palestine 2 - 2 Kuwait,World Cup qualifier
Palestine,1465,2024-11-14,Oman,0,1,Palestine 0 - 1 Oman,World Cup qualifier
Palestine,1465,2024-11-19,South Korea,1,1,Palestine 1 - 1 South Korea,World Cup qualifier
Palestine,1465,2025-03-20,Jordan,1,3,Palestine 1 - 3 Jordan,World Cup qualifier
Palestine,1465,2025-03-25,Iraq,2,1,Palestine 2 - 1 Iraq,World Cup qualifier
Palestine,1465,2025-06-05,Kuwait,2,0,Palestine 2 - 0 Kuwait,World Cup qualifier
Palestine,1465,2025-06-10,Oman,1,1,Palestine 1 - 1 Oman,World Cup qualifier
Palestine,1465,2025-09-08,Malaysia,0,1,Palestine 0 - 1 Malaysia,Friendly
Palestine,1465,2025-11-25,Libya,0,0,Palestine 0 - 0 Libya,Arab Cup qualifier
Palestine,1465,2025-12-01,Qatar,1,0,Palestine 1 - 0 Qatar,Arab Cup
Palestine,1465,2025-12-04,Tunisia,2,2,Palestine 2 - 2 Tunisia,Arab Cup
Palestine,1465,2025-12-07,Syria,0,0,Palestine 0 - 0 Syria,Arab Cup
Palestine,1465,2025-12-11,Saudi Arabia,1,2,Palestine 1 - 2 Saudi Arabia,Arab Cup
Palestine,1465,2026-06-06,Kyrgyzstan,0,0,Palestine 0 - 0 Kyrgyzstan,Friendly
Palestine,1465,2026-06-09,Kyrgyzstan,0,0,Palestine 0 - 0 Kyrgyzstan,Friendly
Guinea,1463,2024-03-25,Bermuda,5,1,Guinea 5 - 1 Bermuda,FIFA Series
Guinea,1463,2024-06-06,Algeria,2,1,Guinea 2 - 1 Algeria,World Cup qualifier
Guinea,1463,2024-06-10,Mozambique,0,1,Guinea 0 - 1 Mozambique,World Cup qualifier
Guinea,1463,2024-09-06,DR Congo,0,1,Guinea 0 - 1 DR Congo,African Nations Cup qualifier
Guinea,1463,2024-09-10,Tanzania,1,2,Guinea 1 - 2 Tanzania,African Nations Cup qualifier
Guinea,1463,2024-10-12,Ethiopia,4,1,Guinea 4 - 1 Ethiopia,African Nations Cup qualifier
Guinea,1463,2024-10-15,Ethiopia,3,0,Guinea 3 - 0 Ethiopia,African Nations Cup qualifier
Guinea,1463,2024-11-16,DR Congo,1,0,Guinea 1 - 0 DR Congo,African Nations Cup qualifier
Guinea,1463,2024-11-19,Tanzania,0,1,Guinea 0 - 1 Tanzania,African Nations Cup qualifier
Guinea,1463,2025-03-21,Somalia,0,0,Guinea 0 - 0 Somalia,World Cup qualifier
Guinea,1463,2025-03-25,Uganda,0,1,Guinea 0 - 1 Uganda,World Cup qualifier
Guinea,1463,2025-09-05,Somalia,3,0,Guinea 3 - 0 Somalia,World Cup qualifier
Guinea,1463,2025-09-08,Algeria,0,0,Guinea 0 - 0 Algeria,World Cup qualifier
Guinea,1463,2025-10-09,Mozambique,2,1,Guinea 2 - 1 Mozambique,World Cup qualifier
Guinea,1463,2025-10-14,Botswana,2,2,Guinea 2 - 2 Botswana,World Cup qualifier
Guinea,1463,2025-11-15,Liberia,2,0,Guinea 2 - 0 Liberia,Friendly
Guinea,1463,2025-11-18,Niger,1,1,Guinea 1 - 1 Niger,Friendly
Guinea,1463,2026-03-27,Togo,2,2,Guinea 2 - 2 Togo,Friendly
Guinea,1463,2026-03-31,Benin,0,1,Guinea 0 - 1 Benin,Friendly
Guinea,1463,2026-06-04,Northern Ireland,0,1,Guinea 0 - 1 Northern Ireland,Friendly
Montenegro,1461,2024-09-06,Iceland,0,2,Montenegro 0 - 2 Iceland,European Nations League B
Montenegro,1461,2024-09-09,Wales,1,2,Montenegro 1 - 2 Wales,European Nations League B
Montenegro,1461,2024-10-11,Turkey,0,1,Montenegro 0 - 1 Turkey,European Nations League B
Montenegro,1461,2024-10-14,Wales,0,1,Montenegro 0 - 1 Wales,European Nations League B
Montenegro,1461,2024-11-16,Iceland,0,2,Montenegro 0 - 2 Iceland,European Nations League B
Montenegro,1461,2024-11-19,Turkey,3,1,Montenegro 3 - 1 Turkey,European Nations League B
Montenegro,1461,2025-03-22,Gibraltar,3,1,Montenegro 3 - 1 Gibraltar,World Cup qualifier
Montenegro,1461,2025-03-25,Faroe Islands,1,0,Montenegro 1 - 0 Faroe Islands,World Cup qualifier
Montenegro,1461,2025-06-06,Czechia,0,2,Montenegro 0 - 2 Czechia,World Cup qualifier
Montenegro,1461,2025-06-09,Armenia,2,2,Montenegro 2 - 2 Armenia,Friendly
Montenegro,1461,2025-09-05,Czechia,0,2,Montenegro 0 - 2 Czechia,World Cup qualifier
Montenegro,1461,2025-09-08,Croatia,0,4,Montenegro 0 - 4 Croatia,World Cup qualifier
Montenegro,1461,2025-10-09,Faroe Islands,0,4,Montenegro 0 - 4 Faroe Islands,World Cup qualifier
Montenegro,1461,2025-10-13,Liechtenstein,2,1,Montenegro 2 - 1 Liechtenstein,Friendly
Montenegro,1461,2025-11-14,Gibraltar,2,1,Montenegro 2 - 1 Gibraltar,World Cup qualifier
Montenegro,1461,2025-11-17,Croatia,2,3,Montenegro 2 - 3 Croatia,World Cup qualifier
Montenegro,1461,2026-03-27,Andorra,2,0,Montenegro 2 - 0 Andorra,Friendly
Montenegro,1461,2026-03-31,Slovenia,2,3,Montenegro 2 - 3 Slovenia,Friendly
Montenegro,1461,2026-06-01,Bulgaria,1,0,Montenegro 1 - 0 Bulgaria,Friendly
Montenegro,1461,2026-06-05,Slovakia,2,2,Montenegro 2 - 2 Slovakia,Friendly
Bulgaria,1458,2024-09-05,Belarus,0,0,Bulgaria 0 - 0 Belarus,European Nations League C
Bulgaria,1458,2024-09-08,Northern Ireland,1,0,Bulgaria 1 - 0 Northern Ireland,European Nations League C
Bulgaria,1458,2024-10-12,Luxembourg,0,0,Bulgaria 0 - 0 Luxembourg,European Nations League C
Bulgaria,1458,2024-10-15,Northern Ireland,0,5,Bulgaria 0 - 5 Northern Ireland,European Nations League C
Bulgaria,1458,2024-11-15,Luxembourg,1,0,Bulgaria 1 - 0 Luxembourg,European Nations League C
Bulgaria,1458,2024-11-18,Belarus,1,1,Bulgaria 1 - 1 Belarus,European Nations League C
Bulgaria,1458,2025-03-20,Ireland,1,2,Bulgaria 1 - 2 Ireland,European Nations League B/C Play-off
Bulgaria,1458,2025-03-23,Ireland,1,2,Bulgaria 1 - 2 Ireland,European Nations League B/C Play-off
Bulgaria,1458,2025-06-06,Cyprus,2,2,Bulgaria 2 - 2 Cyprus,Friendly
Bulgaria,1458,2025-06-10,Greece,0,4,Bulgaria 0 - 4 Greece,Friendly
Bulgaria,1458,2025-09-04,Spain,0,3,Bulgaria 0 - 3 Spain,World Cup qualifier
Bulgaria,1458,2025-09-07,Georgia,0,3,Bulgaria 0 - 3 Georgia,World Cup qualifier
Bulgaria,1458,2025-10-11,Turkey,1,6,Bulgaria 1 - 6 Turkey,World Cup qualifier
Bulgaria,1458,2025-10-14,Spain,0,4,Bulgaria 0 - 4 Spain,World Cup qualifier
Bulgaria,1458,2025-11-15,Turkey,0,2,Bulgaria 0 - 2 Turkey,World Cup qualifier
Bulgaria,1458,2025-11-18,Georgia,2,1,Bulgaria 2 - 1 Georgia,World Cup qualifier
Bulgaria,1458,2026-03-27,Solomon Islands,10,2,Bulgaria 10 - 2 Solomon Islands,FIFA Series
Bulgaria,1458,2026-03-30,Indonesia,1,0,Bulgaria 1 - 0 Indonesia,FIFA Series
Bulgaria,1458,2026-06-01,Montenegro,0,1,Bulgaria 0 - 1 Montenegro,Friendly
Bulgaria,1458,2026-06-05,Moldova,2,2,Bulgaria 2 - 2 Moldova,Friendly
Luxembourg,1450,2024-09-05,Northern Ireland,0,2,Luxembourg 0 - 2 Northern Ireland,European Nations League C
Luxembourg,1450,2024-09-08,Belarus,0,1,Luxembourg 0 - 1 Belarus,European Nations League C
Luxembourg,1450,2024-10-12,Bulgaria,0,0,Luxembourg 0 - 0 Bulgaria,European Nations League C
Luxembourg,1450,2024-10-15,Belarus,1,1,Luxembourg 1 - 1 Belarus,European Nations League C
Luxembourg,1450,2024-11-15,Bulgaria,0,1,Luxembourg 0 - 1 Bulgaria,European Nations League C
Luxembourg,1450,2024-11-18,Northern Ireland,2,2,Luxembourg 2 - 2 Northern Ireland,European Nations League C
Luxembourg,1450,2025-03-22,Sweden,1,0,Luxembourg 1 - 0 Sweden,Friendly
Luxembourg,1450,2025-03-25,Switzerland,1,3,Luxembourg 1 - 3 Switzerland,Friendly
Luxembourg,1450,2025-06-06,Slovenia,0,1,Luxembourg 0 - 1 Slovenia,Friendly
Luxembourg,1450,2025-06-10,Ireland,0,0,Luxembourg 0 - 0 Ireland,Friendly
Luxembourg,1450,2025-09-04,Northern Ireland,1,3,Luxembourg 1 - 3 Northern Ireland,World Cup qualifier
Luxembourg,1450,2025-09-07,Slovakia,0,1,Luxembourg 0 - 1 Slovakia,World Cup qualifier
Luxembourg,1450,2025-10-10,Germany,0,4,Luxembourg 0 - 4 Germany,World Cup qualifier
Luxembourg,1450,2025-10-13,Slovakia,0,2,Luxembourg 0 - 2 Slovakia,World Cup qualifier
Luxembourg,1450,2025-11-14,Germany,0,2,Luxembourg 0 - 2 Germany,World Cup qualifier
Luxembourg,1450,2025-11-17,Northern Ireland,0,1,Luxembourg 0 - 1 Northern Ireland,World Cup qualifier
Luxembourg,1450,2026-03-26,Malta,2,0,Luxembourg 2 - 0 Malta,European Nations League C/D Play-off
Luxembourg,1450,2026-03-31,Malta,3,0,Luxembourg 3 - 0 Malta,European Nations League C/D Play-off
Luxembourg,1450,2026-06-03,Italy,0,1,Luxembourg 0 - 1 Italy,Friendly
Luxembourg,1450,2026-06-06,Albania,1,0,Luxembourg 1 - 0 Albania,Friendly
Northern Cyprus,1442,1962-00-00,Turkey,0,5,Northern Cyprus 0 - 5 Turkey,Friendly
Northern Cyprus,1442,1977-01-05,Turkey,0,1,Northern Cyprus 0 - 1 Turkey,Friendly
Northern Cyprus,1442,1980-09-28,Turkey,0,5,Northern Cyprus 0 - 5 Turkey,Islamic Games
Northern Cyprus,1442,1980-09-30,Saudi Arabia,0,2,Northern Cyprus 0 - 2 Saudi Arabia,Islamic Games
Northern Cyprus,1442,1980-10-03,Libya,1,1,Northern Cyprus 1 - 1 Libya,Islamic Games
Northern Cyprus,1442,2005-11-02,Kosovo,1,0,Northern Cyprus 1 - 0 Kosovo,50th Anniversary Cup
Northern Cyprus,1442,2006-01-27,Kyrgyzstan,3,2,Northern Cyprus 3 - 2 Kyrgyzstan,Friendly
Northern Cyprus,1442,2006-05-29,Greenland,1,0,Northern Cyprus 1 - 0 Greenland,Mini World Cup
Northern Cyprus,1442,2006-05-30,Zanzibar,3,1,Northern Cyprus 3 - 1 Zanzibar,Mini World Cup
Northern Cyprus,1442,2006-06-01,Gibraltar,2,0,Northern Cyprus 2 - 0 Gibraltar,Mini World Cup
Northern Cyprus,1442,2006-06-03,Zanzibar,0,0,Northern Cyprus 0 - 0 Zanzibar,Mini World Cup
Northern Cyprus,1442,2006-11-21,Tibet,10,0,Northern Cyprus 10 - 0 Tibet,ELF Cup
Northern Cyprus,1442,2007-01-24,Zanzibar,1,2,Northern Cyprus 1 - 2 Zanzibar,Friendly
Northern Cyprus,1442,2012-06-08,Zanzibar,2,0,Northern Cyprus 2 - 0 Zanzibar,VIVA World Cup
Northern Cyprus,1442,2012-06-09,Kurdistan,1,2,Northern Cyprus 1 - 2 Kurdistan,VIVA World Cup
Northern Cyprus,1442,2018-06-02,Tibet,3,1,Northern Cyprus 3 - 1 Tibet,World Football Cup
Suriname,1431,2024-09-05,Guyana,3,1,Suriname 3 - 1 Guyana,CONCACAF Nations League A
Suriname,1431,2024-09-09,Guadeloupe,0,1,Suriname 0 - 1 Guadeloupe,CONCACAF Nations League A
Suriname,1431,2024-10-11,Costa Rica,1,1,Suriname 1 - 1 Costa Rica,CONCACAF Nations League A
Suriname,1431,2024-10-15,Guyana,5,1,Suriname 5 - 1 Guyana,CONCACAF Nations League A
Suriname,1431,2024-11-15,Canada,0,1,Suriname 0 - 1 Canada,CONCACAF Nations League
Suriname,1431,2024-11-19,Canada,0,3,Suriname 0 - 3 Canada,CONCACAF Nations League
Suriname,1431,2025-03-21,Martinique,1,0,Suriname 1 - 0 Martinique,CONCACAF Championship qualifier
Suriname,1431,2025-03-25,Martinique,1,0,Suriname 1 - 0 Martinique,CONCACAF Championship qualifier
Suriname,1431,2025-06-06,Puerto Rico,1,0,Suriname 1 - 0 Puerto Rico,World Cup qualifier
Suriname,1431,2025-06-10,El Salvador,1,1,Suriname 1 - 1 El Salvador,World Cup qualifier
Suriname,1431,2025-06-15,Costa Rica,3,4,Suriname 3 - 4 Costa Rica,CONCACAF Championship
Suriname,1431,2025-06-18,Mexico,0,2,Suriname 0 - 2 Mexico,CONCACAF Championship
Suriname,1431,2025-06-22,Dominican Republic,0,0,Suriname 0 - 0 Dominican Republic,CONCACAF Championship
Suriname,1431,2025-09-04,Panama,0,0,Suriname 0 - 0 Panama,World Cup qualifier
Suriname,1431,2025-09-08,El Salvador,2,1,Suriname 2 - 1 El Salvador,World Cup qualifier
Suriname,1431,2025-10-10,Guatemala,1,1,Suriname 1 - 1 Guatemala,World Cup qualifier
Suriname,1431,2025-10-14,Panama,1,1,Suriname 1 - 1 Panama,World Cup qualifier
Suriname,1431,2025-11-13,El Salvador,4,0,Suriname 4 - 0 El Salvador,World Cup qualifier
Suriname,1431,2025-11-18,Guatemala,1,3,Suriname 1 - 3 Guatemala,World Cup qualifier
Suriname,1431,2026-03-26,Bolivia,1,2,Suriname 1 - 2 Bolivia,World Cup qualifier
Kazakhstan,1428,2024-10-10,Austria,0,4,Kazakhstan 0 - 4 Austria,European Nations League B
Kazakhstan,1428,2024-10-13,Slovenia,0,1,Kazakhstan 0 - 1 Slovenia,European Nations League B
Kazakhstan,1428,2024-11-14,Austria,0,2,Kazakhstan 0 - 2 Austria,European Nations League B
Kazakhstan,1428,2024-11-17,Norway,0,5,Kazakhstan 0 - 5 Norway,European Nations League B
Kazakhstan,1428,2025-02-17,North Korea,0,2,Kazakhstan 0 - 2 North Korea,Friendly
Kazakhstan,1428,2025-03-19,Curaçao,2,0,Kazakhstan 2 - 0 Curaçao,Friendly
Kazakhstan,1428,2025-03-22,Wales,1,3,Kazakhstan 1 - 3 Wales,World Cup qualifier
Kazakhstan,1428,2025-03-25,Liechtenstein,2,0,Kazakhstan 2 - 0 Liechtenstein,World Cup qualifier
Kazakhstan,1428,2025-06-05,Belarus,1,4,Kazakhstan 1 - 4 Belarus,Friendly
Kazakhstan,1428,2025-06-09,North Macedonia,0,1,Kazakhstan 0 - 1 North Macedonia,World Cup qualifier
Kazakhstan,1428,2025-09-04,Wales,0,1,Kazakhstan 0 - 1 Wales,World Cup qualifier
Kazakhstan,1428,2025-09-07,Belgium,0,6,Kazakhstan 0 - 6 Belgium,World Cup qualifier
Kazakhstan,1428,2025-10-10,Liechtenstein,4,0,Kazakhstan 4 - 0 Liechtenstein,World Cup qualifier
Kazakhstan,1428,2025-10-13,North Macedonia,1,1,Kazakhstan 1 - 1 North Macedonia,World Cup qualifier
Kazakhstan,1428,2025-11-15,Belgium,1,1,Kazakhstan 1 - 1 Belgium,World Cup qualifier
Kazakhstan,1428,2025-11-18,Faroe Islands,0,1,Kazakhstan 0 - 1 Faroe Islands,Friendly
Kazakhstan,1428,2026-03-25,Namibia,2,0,Kazakhstan 2 - 0 Namibia,FIFA Series
Kazakhstan,1428,2026-03-31,Comoros,1,0,Kazakhstan 1 - 0 Comoros,FIFA Series
Kazakhstan,1428,2026-06-06,Armenia,1,1,Kazakhstan 1 - 1 Armenia,Friendly
Kazakhstan,1428,2026-06-09,Hungary,1,3,Kazakhstan 1 - 3 Hungary,Friendly
China,1424,2024-06-11,South Korea,0,1,China 0 - 1 South Korea,World Cup and Asian Cup qualifier
China,1424,2024-09-05,Japan,0,7,China 0 - 7 Japan,World Cup qualifier
China,1424,2024-09-10,Saudi Arabia,1,2,China 1 - 2 Saudi Arabia,World Cup qualifier
China,1424,2024-10-10,Australia,1,3,China 1 - 3 Australia,World Cup qualifier
China,1424,2024-10-15,Indonesia,2,1,China 2 - 1 Indonesia,World Cup qualifier
China,1424,2024-11-14,Bahrain,1,0,China 1 - 0 Bahrain,World Cup qualifier
China,1424,2024-11-19,Japan,1,3,China 1 - 3 Japan,World Cup qualifier
China,1424,2025-03-15,Kuwait,3,1,China 3 - 1 Kuwait,Friendly
China,1424,2025-03-20,Saudi Arabia,0,1,China 0 - 1 Saudi Arabia,World Cup qualifier
China,1424,2025-03-25,Australia,0,2,China 0 - 2 Australia,World Cup qualifier
China,1424,2025-06-05,Indonesia,0,1,China 0 - 1 Indonesia,World Cup qualifier
China,1424,2025-06-10,Bahrain,1,0,China 1 - 0 Bahrain,World Cup qualifier
China,1424,2025-07-07,South Korea,0,3,China 0 - 3 South Korea,East Asian Championship
China,1424,2025-07-12,Japan,0,2,China 0 - 2 Japan,East Asian Championship
China,1424,2025-07-15,Hong Kong,1,0,China 1 - 0 Hong Kong,East Asian Championship
China,1424,2026-01-26,Uzbekistan,2,2,China 2 - 2 Uzbekistan,Friendly
China,1424,2026-03-27,Curaçao,2,0,China 2 - 0 Curaçao,FIFA Series
China,1424,2026-03-31,Cameroon,0,2,China 0 - 2 Cameroon,FIFA Series
China,1424,2026-06-05,Singapore,2,1,China 2 - 1 Singapore,Friendly
China,1424,2026-06-09,Thailand,0,0,China 0 - 0 Thailand,Friendly
Kurdistan,1424,2012-05-15,Mauritania,3,1,Kurdistan 3 - 1 Mauritania,Al Nakba Cup
Kurdistan,1424,2012-05-19,Indonesia,1,1,Kurdistan 1 - 1 Indonesia,Al Nakba Cup
Kurdistan,1424,2012-06-04,Western Sahara,6,0,Kurdistan 6 - 0 Western Sahara,VIVA World Cup
Kurdistan,1424,2012-06-09,Northern Cyprus,2,1,Kurdistan 2 - 1 Northern Cyprus,VIVA World Cup
Qatar,1421,2024-11-14,Uzbekistan,3,2,Qatar 3 - 2 Uzbekistan,World Cup qualifier
Qatar,1421,2024-11-19,United Arab Emirates,0,5,Qatar 0 - 5 United Arab Emirates,World Cup qualifier
Qatar,1421,2024-12-21,United Arab Emirates,1,1,Qatar 1 - 1 United Arab Emirates,Gulf Cup
Qatar,1421,2024-12-24,Oman,1,2,Qatar 1 - 2 Oman,Gulf Cup
Qatar,1421,2024-12-27,Kuwait,1,1,Qatar 1 - 1 Kuwait,Gulf Cup
Qatar,1421,2025-03-20,North Korea,5,1,Qatar 5 - 1 North Korea,World Cup qualifier
Qatar,1421,2025-03-25,Kyrgyzstan,1,3,Qatar 1 - 3 Kyrgyzstan,World Cup qualifier
Qatar,1421,2025-06-05,Iran,1,0,Qatar 1 - 0 Iran,World Cup qualifier
Qatar,1421,2025-06-10,Uzbekistan,0,3,Qatar 0 - 3 Uzbekistan,World Cup qualifier
Qatar,1421,2025-08-24,Lebanon,0,1,Qatar 0 - 1 Lebanon,Friendly
Qatar,1421,2025-09-03,Bahrain,2,2,Qatar 2 - 2 Bahrain,Friendly
Qatar,1421,2025-09-07,Russia,1,4,Qatar 1 - 4 Russia,Friendly
Qatar,1421,2025-10-08,Oman,0,0,Qatar 0 - 0 Oman,World Cup qualifier
Qatar,1421,2025-10-14,United Arab Emirates,2,1,Qatar 2 - 1 United Arab Emirates,World Cup qualifier
Qatar,1421,2025-11-17,Zimbabwe,1,2,Qatar 1 - 2 Zimbabwe,Friendly
Qatar,1421,2025-12-01,Palestine,0,1,Qatar 0 - 1 Palestine,Arab Cup
Qatar,1421,2025-12-04,Syria,1,1,Qatar 1 - 1 Syria,Arab Cup
Qatar,1421,2025-12-07,Tunisia,0,3,Qatar 0 - 3 Tunisia,Arab Cup
Qatar,1421,2026-05-28,Ireland,0,1,Qatar 0 - 1 Ireland,Friendly
Qatar,1421,2026-06-06,El Salvador,0,0,Qatar 0 - 0 El Salvador,Friendly
Libya,1420,2024-03-22,Burkina Faso,2,1,Libya 2 - 1 Burkina Faso,Friendly
Libya,1420,2024-03-26,Togo,1,1,Libya 1 - 1 Togo,Friendly
Libya,1420,2024-06-06,Mauritius,2,1,Libya 2 - 1 Mauritius,World Cup qualifier
Libya,1420,2024-06-11,Cape Verde,0,1,Libya 0 - 1 Cape Verde,World Cup qualifier
Libya,1420,2024-08-31,Botswana,1,0,Libya 1 - 0 Botswana,Friendly
Libya,1420,2024-09-04,Rwanda,1,1,Libya 1 - 1 Rwanda,African Nations Cup qualifier
Libya,1420,2024-09-10,Benin,1,2,Libya 1 - 2 Benin,African Nations Cup qualifier
Libya,1420,2024-10-11,Nigeria,0,1,Libya 0 - 1 Nigeria,African Nations Cup qualifier
Libya,1420,2024-11-14,Rwanda,1,0,Libya 1 - 0 Rwanda,African Nations Cup qualifier
Libya,1420,2024-11-18,Benin,0,0,Libya 0 - 0 Benin,African Nations Cup qualifier
Libya,1420,2025-03-20,Angola,1,1,Libya 1 - 1 Angola,World Cup qualifier
Libya,1420,2025-03-25,Cameroon,1,3,Libya 1 - 3 Cameroon,World Cup qualifier
Libya,1420,2025-09-04,Angola,1,0,Libya 1 - 0 Angola,World Cup qualifier
Libya,1420,2025-09-08,Eswatini,2,0,Libya 2 - 0 Eswatini,World Cup qualifier
Libya,1420,2025-10-08,Cape Verde,3,3,Libya 3 - 3 Cape Verde,World Cup qualifier
Libya,1420,2025-10-13,Mauritius,0,0,Libya 0 - 0 Mauritius,World Cup qualifier
Libya,1420,2025-11-15,Mauritania,1,0,Libya 1 - 0 Mauritania,Friendly
Libya,1420,2025-11-25,Palestine,0,0,Libya 0 - 0 Palestine,Arab Cup qualifier
Libya,1420,2026-03-27,Niger,0,0,Libya 0 - 0 Niger,Friendly
Libya,1420,2026-03-31,Liberia,2,2,Libya 2 - 2 Liberia,Friendly
Gambia,1419,2024-01-23,Cameroon,2,3,Gambia 2 - 3 Cameroon,African Nations Cup
Gambia,1419,2024-06-08,Seychelles,5,1,Gambia 5 - 1 Seychelles,World Cup qualifier
Gambia,1419,2024-06-11,Gabon,2,3,Gambia 2 - 3 Gabon,World Cup qualifier
Gambia,1419,2024-09-04,Comoros,1,1,Gambia 1 - 1 Comoros,African Nations Cup qualifier
Gambia,1419,2024-09-08,Tunisia,1,2,Gambia 1 - 2 Tunisia,African Nations Cup qualifier
Gambia,1419,2024-10-11,Madagascar,1,1,Gambia 1 - 1 Madagascar,African Nations Cup qualifier
Gambia,1419,2024-10-14,Madagascar,1,0,Gambia 1 - 0 Madagascar,African Nations Cup qualifier
Gambia,1419,2024-11-15,Comoros,1,2,Gambia 1 - 2 Comoros,African Nations Cup qualifier
Gambia,1419,2024-11-18,Tunisia,1,0,Gambia 1 - 0 Tunisia,African Nations Cup qualifier
Gambia,1419,2025-03-20,Kenya,3,3,Gambia 3 - 3 Kenya,World Cup qualifier
Gambia,1419,2025-03-24,Ivory Coast,0,1,Gambia 0 - 1 Ivory Coast,World Cup qualifier
Gambia,1419,2025-06-06,Equatorial Guinea,2,1,Gambia 2 - 1 Equatorial Guinea,Friendly
Gambia,1419,2025-06-09,Uganda,1,1,Gambia 1 - 1 Uganda,Friendly
Gambia,1419,2025-09-05,Kenya,3,1,Gambia 3 - 1 Kenya,World Cup qualifier
Gambia,1419,2025-09-09,Burundi,2,0,Gambia 2 - 0 Burundi,World Cup qualifier
Gambia,1419,2025-10-10,Gabon,3,4,Gambia 3 - 4 Gabon,World Cup qualifier
Gambia,1419,2025-10-14,Seychelles,7,0,Gambia 7 - 0 Seychelles,World Cup qualifier
Gambia,1419,2025-11-18,Kuwait,2,2,Gambia 2 - 2 Kuwait,Friendly
Gambia,1419,2026-03-31,Senegal,1,3,Gambia 1 - 3 Senegal,Friendly
Gambia,1419,2026-05-29,Iran,1,3,Gambia 1 - 3 Iran,Friendly
Bahrain,1414,2024-11-19,Australia,2,2,Bahrain 2 - 2 Australia,World Cup qualifier
Bahrain,1414,2024-12-22,Saudi Arabia,3,2,Bahrain 3 - 2 Saudi Arabia,Gulf Cup
Bahrain,1414,2024-12-25,Iraq,2,0,Bahrain 2 - 0 Iraq,Gulf Cup
Bahrain,1414,2024-12-28,Yemen,1,2,Bahrain 1 - 2 Yemen,Gulf Cup
Bahrain,1414,2024-12-31,Kuwait,1,0,Bahrain 1 - 0 Kuwait,Gulf Cup
Bahrain,1414,2025-01-04,Oman,2,1,Bahrain 2 - 1 Oman,Gulf Cup
Bahrain,1414,2025-03-20,Japan,0,2,Bahrain 0 - 2 Japan,World Cup qualifier
Bahrain,1414,2025-03-25,Indonesia,0,1,Bahrain 0 - 1 Indonesia,World Cup qualifier
Bahrain,1414,2025-06-05,Saudi Arabia,0,2,Bahrain 0 - 2 Saudi Arabia,World Cup qualifier
Bahrain,1414,2025-06-10,China,0,1,Bahrain 0 - 1 China,World Cup qualifier
Bahrain,1414,2025-09-03,Qatar,2,2,Bahrain 2 - 2 Qatar,Friendly
Bahrain,1414,2025-09-08,United Arab Emirates,0,1,Bahrain 0 - 1 United Arab Emirates,Friendly
Bahrain,1414,2025-10-09,Morocco,0,1,Bahrain 0 - 1 Morocco,Friendly
Bahrain,1414,2025-11-17,Somalia,1,2,Bahrain 1 - 2 Somalia,Friendly
Bahrain,1414,2025-11-21,Somalia,0,1,Bahrain 0 - 1 Somalia,Friendly
Bahrain,1414,2025-11-26,Djibouti,1,0,Bahrain 1 - 0 Djibouti,Arab Cup qualifier
Bahrain,1414,2025-12-03,Iraq,1,2,Bahrain 1 - 2 Iraq,Arab Cup
Bahrain,1414,2025-12-06,Algeria,1,5,Bahrain 1 - 5 Algeria,Arab Cup
Bahrain,1414,2025-12-09,Sudan,3,1,Bahrain 3 - 1 Sudan,Arab Cup
Bahrain,1414,2026-06-05,Georgia,0,2,Bahrain 0 - 2 Georgia,Friendly
Benin,1405,2024-10-11,Rwanda,3,0,Benin 3 - 0 Rwanda,African Nations Cup qualifier
Benin,1405,2024-10-15,Rwanda,1,2,Benin 1 - 2 Rwanda,African Nations Cup qualifier
Benin,1405,2024-11-14,Nigeria,1,1,Benin 1 - 1 Nigeria,African Nations Cup qualifier
Benin,1405,2024-11-18,Libya,0,0,Benin 0 - 0 Libya,African Nations Cup qualifier
Benin,1405,2025-03-20,Zimbabwe,2,2,Benin 2 - 2 Zimbabwe,World Cup qualifier
Benin,1405,2025-03-25,South Africa,0,2,Benin 0 - 2 South Africa,World Cup qualifier
Benin,1405,2025-06-09,Morocco,0,1,Benin 0 - 1 Morocco,Friendly
Benin,1405,2025-09-05,Zimbabwe,1,0,Benin 1 - 0 Zimbabwe,World Cup qualifier
Benin,1405,2025-09-09,Lesotho,4,0,Benin 4 - 0 Lesotho,World Cup qualifier
Benin,1405,2025-10-10,Rwanda,1,0,Benin 1 - 0 Rwanda,World Cup qualifier
Benin,1405,2025-10-14,Nigeria,0,4,Benin 0 - 4 Nigeria,World Cup qualifier
Benin,1405,2025-11-18,Burkina Faso,0,3,Benin 0 - 3 Burkina Faso,Friendly
Benin,1405,2025-12-23,DR Congo,0,1,Benin 0 - 1 DR Congo,African Nations Cup
Benin,1405,2025-12-27,Botswana,1,0,Benin 1 - 0 Botswana,African Nations Cup
Benin,1405,2025-12-30,Senegal,0,3,Benin 0 - 3 Senegal,African Nations Cup
Benin,1405,2026-01-05,Egypt,1,3,Benin 1 - 3 Egypt,African Nations Cup
Benin,1405,2026-03-27,Liberia,1,0,Benin 1 - 0 Liberia,Friendly
Benin,1405,2026-03-31,Guinea,1,0,Benin 1 - 0 Guinea,Friendly
Benin,1405,2026-06-05,Niger,1,1,Benin 1 - 1 Niger,Friendly
Benin,1405,2026-06-09,Togo,1,5,Benin 1 - 5 Togo,Friendly
